2026-03-02 22:31:35,507 - INFO - === Запуск приложения ===
2026-03-02 22:31:35,507 - INFO - Проверка подключения к базе данных...
2026-03-02 22:36:28,193 - INFO - === Запуск приложения ===
2026-03-02 22:36:28,194 - INFO - Проверка подключения к базе данных...
2026-03-02 22:36:28,194 - INFO - Попытка подключения к localhost...
2026-03-02 22:39:17,273 - INFO - === Запуск приложения ===
2026-03-02 22:39:17,273 - INFO - Проверка подключения к базе данных...
2026-03-02 22:39:17,274 - INFO - Попытка подключения к localhost...
2026-03-02 22:39:17,280 - INFO - ✅ Подключение успешно (PyMySQL)
2026-03-02 22:39:17,281 - ERROR - 💥 Ошибка: 'Connection' object has no attribute 'is_connected'
Traceback (most recent call last):
  File "D:\job\demoapp\main.py", line 30, in check_database_connection
    if conn and conn.is_connected():
                ^^^^^^^^^^^^^^^^^
AttributeError: 'Connection' object has no attribute 'is_connected'
2026-03-02 22:40:18,474 - INFO - === Запуск приложения ===
2026-03-02 22:40:18,474 - INFO - Проверка подключения к базе данных...
2026-03-02 22:40:18,474 - INFO - Попытка подключения к localhost...
2026-03-02 22:40:18,480 - INFO - ✅ Подключение успешно (PyMySQL)
2026-03-02 22:40:18,480 - INFO - ✅ Подключение к БД успешно
2026-03-02 22:40:18,480 - INFO - Тестовое соединение закрыто
2026-03-02 22:40:18,783 - INFO - Инициализация QApplication...
2026-03-02 22:40:18,806 - INFO - Создание окна регистрации...
2026-03-02 22:40:18,826 - INFO - DB status: connected
2026-03-02 22:40:18,826 - INFO - RegisterApp initialized
2026-03-02 22:40:19,157 - INFO - Запуск цикла событий...
2026-03-02 22:40:48,113 - INFO - RegisterApp window closed
2026-03-02 22:40:48,124 - INFO - Приложение завершено: 0
2026-03-02 22:41:02,821 - INFO - === Запуск приложения ===
2026-03-02 22:41:02,821 - INFO - Проверка подключения к базе данных...
2026-03-02 22:41:02,821 - INFO - Попытка подключения к localhost...
2026-03-02 22:41:02,827 - INFO - ✅ Подключение успешно (PyMySQL)
2026-03-02 22:41:02,828 - INFO - ✅ Подключение к БД успешно
2026-03-02 22:41:02,828 - INFO - Тестовое соединение закрыто
2026-03-02 22:41:03,130 - INFO - Инициализация QApplication...
2026-03-02 22:41:03,157 - INFO - Создание окна регистрации...
2026-03-02 22:41:03,184 - INFO - DB status: connected
2026-03-02 22:41:03,184 - INFO - RegisterApp initialized
2026-03-02 22:41:03,512 - INFO - Запуск цикла событий...
2026-03-02 22:43:46,288 - INFO - === Запуск приложения ===
2026-03-02 22:43:46,288 - INFO - Проверка подключения к базе данных...
2026-03-02 22:43:46,288 - INFO - Попытка подключения к localhost...
2026-03-02 22:43:46,294 - INFO - ✅ Подключение успешно (PyMySQL)
2026-03-02 22:43:46,295 - INFO - ✅ Подключение к БД успешно
2026-03-02 22:43:46,295 - INFO - Тестовое соединение закрыто
2026-03-02 22:43:46,597 - INFO - Инициализация QApplication...
2026-03-02 22:43:46,619 - INFO - Создание окна регистрации...
2026-03-02 22:44:33,761 - INFO - === Запуск приложения ===
2026-03-02 22:44:33,761 - INFO - Проверка подключения к базе данных...
2026-03-02 22:44:33,761 - INFO - Попытка подключения к localhost...
2026-03-02 22:44:33,767 - INFO - ✅ Подключение успешно (PyMySQL)
2026-03-02 22:44:33,767 - INFO - ✅ Подключение к БД успешно
2026-03-02 22:44:33,768 - INFO - Тестовое соединение закрыто
2026-03-02 22:44:34,070 - INFO - Инициализация QApplication...
2026-03-02 22:44:34,094 - INFO - Создание окна регистрации...
2026-03-02 22:44:34,115 - INFO - DB status: connected
2026-03-02 22:44:34,115 - INFO - RegisterApp initialized
2026-03-02 22:44:34,445 - INFO - Запуск цикла событий...
2026-03-02 22:44:43,387 - INFO - Попытка подключения к localhost...
2026-03-02 22:44:43,389 - INFO - ✅ Подключение успешно (PyMySQL)
2026-03-02 22:44:43,403 - INFO - Проверка email a2@mail.ru: не найден
2026-03-02 22:44:43,406 - INFO - Попытка подключения к localhost...
2026-03-02 22:44:43,407 - INFO - ✅ Подключение успешно (PyMySQL)
2026-03-02 22:44:43,410 - WARNING - Роль 'Клиент' не найдена!
2026-03-02 22:44:50,120 - INFO - RegisterApp window closed
2026-03-02 22:44:50,129 - INFO - Приложение завершено: 0
2026-03-02 22:45:04,387 - INFO - === Запуск приложения ===
2026-03-02 22:45:04,387 - INFO - Проверка подключения к базе данных...
2026-03-02 22:45:04,387 - INFO - Попытка подключения к localhost...
2026-03-02 22:45:04,395 - INFO - ✅ Подключение успешно (PyMySQL)
2026-03-02 22:45:04,395 - INFO - ✅ Подключение к БД успешно
2026-03-02 22:45:04,395 - INFO - Тестовое соединение закрыто
2026-03-02 22:45:04,697 - INFO - Инициализация QApplication...
2026-03-02 22:45:04,722 - INFO - Создание окна регистрации...
2026-03-02 22:45:04,746 - INFO - DB status: connected
2026-03-02 22:45:04,746 - INFO - RegisterApp initialized
2026-03-02 22:45:05,083 - INFO - Запуск цикла событий...
2026-03-02 22:45:14,623 - INFO - Попытка подключения к localhost...
2026-03-02 22:45:14,625 - INFO - ✅ Подключение успешно (PyMySQL)
2026-03-02 22:45:14,625 - INFO - Проверка email a2@mail.ru: не найден
2026-03-02 22:45:14,628 - INFO - Попытка подключения к localhost...
2026-03-02 22:45:14,629 - INFO - ✅ Подключение успешно (PyMySQL)
2026-03-02 22:45:14,629 - INFO - Роль 'Пользователь' найдена, ID: 1
2026-03-02 22:45:14,631 - INFO - Попытка подключения к localhost...
2026-03-02 22:45:14,632 - INFO - ✅ Подключение успешно (PyMySQL)
2026-03-02 22:45:14,633 - ERROR - Ошибка SQL: (1364, "Field 'password' doesn't have a default value")
2026-03-02 22:45:54,444 - INFO - RegisterApp window closed
2026-03-02 22:45:54,455 - INFO - Приложение завершено: 0
2026-03-02 22:49:43,170 - INFO - === Запуск приложения ===
2026-03-02 22:49:43,170 - INFO - Проверка подключения к базе данных...
2026-03-02 22:49:43,170 - INFO - Попытка подключения к localhost...
2026-03-02 22:49:43,176 - INFO - ✅ Подключение успешно (PyMySQL)
2026-03-02 22:49:43,176 - INFO - ✅ Подключение к БД успешно
2026-03-02 22:49:43,177 - INFO - Тестовое соединение закрыто
2026-03-02 22:49:43,479 - INFO - Инициализация QApplication...
2026-03-02 22:49:43,501 - INFO - Создание окна регистрации...
2026-03-02 22:49:43,527 - INFO - DB status: connected
2026-03-02 22:49:43,527 - INFO - RegisterApp initialized
2026-03-02 22:49:43,858 - INFO - Запуск цикла событий...
2026-03-02 22:49:55,969 - INFO - RegisterApp window closed
2026-03-02 22:49:55,978 - INFO - Приложение завершено: 0
2026-03-02 22:52:00,628 - INFO - === Запуск приложения ===
2026-03-02 22:52:00,628 - INFO - Проверка подключения к базе данных...
2026-03-02 22:52:00,628 - INFO - Попытка подключения к localhost...
2026-03-02 22:52:00,635 - INFO - ✅ Подключение успешно (PyMySQL)
2026-03-02 22:52:00,635 - INFO - ✅ Подключение к БД успешно
2026-03-02 22:52:00,635 - INFO - Тестовое соединение закрыто
2026-03-02 22:52:00,938 - INFO - Инициализация QApplication...
2026-03-02 22:52:00,961 - INFO - Создание окна регистрации...
2026-03-02 22:52:00,988 - INFO - DB status: connected
2026-03-02 22:52:00,988 - INFO - RegisterApp initialized
2026-03-02 22:52:01,341 - INFO - Запуск цикла событий...
2026-03-02 22:52:14,160 - INFO - Попытка подключения к localhost...
2026-03-02 22:52:14,161 - INFO - ✅ Подключение успешно (PyMySQL)
2026-03-02 22:52:14,162 - INFO - Проверка email a2@mail.ru: не найден
2026-03-02 22:52:14,165 - INFO - Попытка подключения к localhost...
2026-03-02 22:52:14,186 - INFO - ✅ Подключение успешно (PyMySQL)
2026-03-02 22:52:14,186 - INFO - Роль 'Пользователь' найдена, ID: 1
2026-03-02 22:52:14,188 - INFO - Попытка подключения к localhost...
2026-03-02 22:52:14,190 - INFO - ✅ Подключение успешно (PyMySQL)
2026-03-02 22:52:15,267 - INFO - Form cleared
2026-03-02 22:52:30,350 - INFO - RegisterApp window closed
2026-03-02 22:52:30,356 - INFO - Приложение завершено: 0
2026-03-03 09:14:57,495 - INFO - === Запуск приложения ===
2026-03-03 09:14:57,496 - INFO - Проверка подключения к базе данных...
2026-03-03 09:14:57,496 - INFO - Попытка подключения к localhost...
2026-03-03 09:14:57,505 - INFO - ✅ Подключение успешно (PyMySQL)
2026-03-03 09:14:57,505 - INFO - ✅ Подключение к БД успешно
2026-03-03 09:14:57,505 - INFO - Тестовое соединение закрыто
2026-03-03 09:14:57,808 - INFO - Инициализация QApplication...
2026-03-03 09:14:57,848 - INFO - Создание окна регистрации...
2026-03-03 09:14:58,174 - INFO - Запуск цикла событий...
2026-03-03 09:15:11,675 - INFO - Приложение завершено: 0
2026-03-03 09:21:47,919 - INFO - === Запуск приложения ===
2026-03-03 09:21:47,919 - INFO - Проверка подключения к базе данных...
2026-03-03 09:21:47,919 - INFO - Попытка подключения к localhost...
2026-03-03 09:21:47,927 - INFO - ✅ Подключение успешно (PyMySQL)
2026-03-03 09:21:47,927 - INFO - ✅ Подключение к БД успешно
2026-03-03 09:21:47,927 - INFO - Тестовое соединение закрыто
2026-03-03 09:21:48,231 - INFO - Инициализация QApplication...
2026-03-03 09:21:48,273 - INFO - Создание окна регистрации...
2026-03-03 09:22:26,962 - INFO - === Запуск приложения ===
2026-03-03 09:22:26,962 - INFO - Проверка подключения к базе данных...
2026-03-03 09:22:26,963 - INFO - Попытка подключения к localhost...
2026-03-03 09:22:26,969 - INFO - ✅ Подключение успешно (PyMySQL)
2026-03-03 09:22:26,969 - INFO - ✅ Подключение к БД успешно
2026-03-03 09:22:26,969 - INFO - Тестовое соединение закрыто
2026-03-03 09:22:27,271 - INFO - Инициализация QApplication...
2026-03-03 09:22:27,290 - INFO - Создание окна регистрации...
2026-03-03 09:22:27,595 - INFO - Запуск цикла событий...
2026-03-03 09:22:34,944 - INFO - Приложение завершено: 0
2026-03-03 09:34:45,003 - INFO - === Запуск приложения ===
2026-03-03 09:34:45,003 - INFO - Проверка подключения к базе данных...
2026-03-03 09:34:45,003 - INFO - Попытка подключения к localhost...
2026-03-03 09:34:45,010 - INFO - ✅ Подключение успешно (PyMySQL)
2026-03-03 09:34:45,010 - INFO - ✅ Подключение к БД успешно
2026-03-03 09:34:45,010 - INFO - Тестовое соединение закрыто
2026-03-03 09:34:45,312 - INFO - Инициализация QApplication...
2026-03-03 09:34:45,331 - INFO - Создание окна регистрации...
2026-03-03 09:34:45,607 - INFO - Запуск цикла событий...
2026-03-03 09:34:49,346 - INFO - Приложение завершено: 0
2026-03-03 09:36:18,300 - INFO - === Запуск приложения ===
2026-03-03 09:36:18,300 - INFO - Проверка подключения к базе данных...
2026-03-03 09:36:18,300 - INFO - Попытка подключения к localhost...
2026-03-03 09:36:18,306 - INFO - ✅ Подключение успешно (PyMySQL)
2026-03-03 09:36:18,306 - INFO - ✅ Подключение к БД успешно
2026-03-03 09:36:18,306 - INFO - Тестовое соединение закрыто
2026-03-03 09:36:18,608 - INFO - Инициализация QApplication...
2026-03-03 09:36:18,627 - INFO - Создание окна регистрации...
2026-03-03 09:36:18,946 - INFO - Запуск цикла событий...
2026-03-03 09:36:33,791 - INFO - === Запуск приложения ===
2026-03-03 09:36:33,791 - INFO - Проверка подключения к базе данных...
2026-03-03 09:36:33,791 - INFO - Попытка подключения к localhost...
2026-03-03 09:36:33,797 - INFO - ✅ Подключение успешно (PyMySQL)
2026-03-03 09:36:33,797 - INFO - ✅ Подключение к БД успешно
2026-03-03 09:36:33,798 - INFO - Тестовое соединение закрыто
2026-03-03 09:36:34,099 - INFO - Инициализация QApplication...
2026-03-03 09:36:34,117 - INFO - Создание окна регистрации...
2026-03-03 09:36:34,432 - INFO - Запуск цикла событий...
2026-03-03 09:37:40,436 - INFO - === Запуск приложения ===
2026-03-03 09:37:40,436 - INFO - Проверка подключения к базе данных...
2026-03-03 09:37:40,436 - INFO - Попытка подключения к localhost...
2026-03-03 09:37:40,443 - INFO - ✅ Подключение успешно (PyMySQL)
2026-03-03 09:37:40,443 - INFO - ✅ Подключение к БД успешно
2026-03-03 09:37:40,443 - INFO - Тестовое соединение закрыто
2026-03-03 09:37:40,746 - INFO - Инициализация QApplication...
2026-03-03 09:37:40,765 - INFO - Создание окна регистрации...
2026-03-03 09:37:41,090 - INFO - Запуск цикла событий...
2026-03-03 09:38:31,941 - INFO - === Запуск приложения ===
2026-03-03 09:38:31,941 - INFO - Проверка подключения к базе данных...
2026-03-03 09:38:31,941 - INFO - Попытка подключения к localhost...
2026-03-03 09:38:31,947 - INFO - ✅ Подключение успешно (PyMySQL)
2026-03-03 09:38:31,947 - INFO - ✅ Подключение к БД успешно
2026-03-03 09:38:31,947 - INFO - Тестовое соединение закрыто
2026-03-03 09:38:32,250 - INFO - Инициализация QApplication...
2026-03-03 09:38:32,269 - INFO - Создание окна регистрации...
2026-03-03 09:38:32,579 - INFO - Запуск цикла событий...
2026-03-03 09:41:30,036 - INFO - === Запуск приложения ===
2026-03-03 09:41:30,036 - INFO - Проверка подключения к базе данных...
2026-03-03 09:41:30,036 - INFO - Попытка подключения к localhost...
2026-03-03 09:41:30,042 - INFO - ✅ Подключение успешно (PyMySQL)
2026-03-03 09:41:30,042 - INFO - ✅ Подключение к БД успешно
2026-03-03 09:41:30,042 - INFO - Тестовое соединение закрыто
2026-03-03 09:41:30,344 - INFO - Инициализация QApplication...
2026-03-03 09:41:30,365 - INFO - Создание окна регистрации...
2026-03-03 09:41:30,686 - INFO - Запуск цикла событий...
2026-03-03 09:41:39,620 - INFO - === Запуск приложения ===
2026-03-03 09:41:39,620 - INFO - Проверка подключения к базе данных...
2026-03-03 09:41:39,620 - INFO - Попытка подключения к localhost...
2026-03-03 09:41:39,626 - INFO - ✅ Подключение успешно (PyMySQL)
2026-03-03 09:41:39,626 - INFO - ✅ Подключение к БД успешно
2026-03-03 09:41:39,626 - INFO - Тестовое соединение закрыто
2026-03-03 09:41:39,928 - INFO - Инициализация QApplication...
2026-03-03 09:41:39,949 - INFO - Создание окна регистрации...
2026-03-03 09:41:40,276 - INFO - Запуск цикла событий...
2026-03-03 09:43:46,897 - INFO - === Запуск приложения ===
2026-03-03 09:43:46,897 - INFO - Проверка подключения к базе данных...
2026-03-03 09:43:46,898 - INFO - Попытка подключения к localhost...
2026-03-03 09:43:46,904 - INFO - ✅ Подключение успешно (PyMySQL)
2026-03-03 09:43:46,904 - INFO - ✅ Подключение к БД успешно
2026-03-03 09:43:46,904 - INFO - Тестовое соединение закрыто
2026-03-03 09:43:47,206 - INFO - Инициализация QApplication...
2026-03-03 09:43:47,224 - INFO - Создание окна регистрации...
2026-03-03 09:43:47,541 - INFO - Запуск цикла событий...
2026-03-03 09:43:50,451 - INFO - Приложение завершено: 0
2026-03-03 09:44:18,504 - INFO - === Запуск приложения ===
2026-03-03 09:44:18,504 - INFO - Проверка подключения к базе данных...
2026-03-03 09:44:18,504 - INFO - Попытка подключения к localhost...
2026-03-03 09:44:18,511 - INFO - ✅ Подключение успешно (PyMySQL)
2026-03-03 09:44:18,511 - INFO - ✅ Подключение к БД успешно
2026-03-03 09:44:18,511 - INFO - Тестовое соединение закрыто
2026-03-03 09:44:18,813 - INFO - Инициализация QApplication...
2026-03-03 09:44:18,831 - INFO - Создание окна регистрации...
2026-03-03 09:44:19,160 - INFO - Запуск цикла событий...
2026-03-03 11:01:34,150 - INFO - === Запуск приложения ===
2026-03-03 11:01:34,150 - INFO - Проверка подключения к базе данных...
2026-03-03 11:01:34,150 - INFO - Попытка подключения к localhost...
2026-03-03 11:01:34,163 - INFO - ✅ Подключение успешно (PyMySQL)
2026-03-03 11:01:34,163 - INFO - ✅ Подключение к БД успешно
2026-03-03 11:01:34,163 - INFO - Тестовое соединение закрыто
2026-03-03 11:01:34,465 - INFO - Инициализация QApplication...
2026-03-03 11:01:34,609 - INFO - Создание окна регистрации...
2026-03-03 11:01:34,940 - INFO - Запуск цикла событий...
2026-03-03 11:03:48,514 - INFO - === Запуск приложения ===
2026-03-03 11:03:48,514 - INFO - Проверка подключения к базе данных...
2026-03-03 11:03:48,514 - INFO - Попытка подключения к localhost...
2026-03-03 11:03:48,521 - INFO - ✅ Подключение успешно (PyMySQL)
2026-03-03 11:03:48,521 - INFO - ✅ Подключение к БД успешно
2026-03-03 11:03:48,521 - INFO - Тестовое соединение закрыто
2026-03-03 11:03:48,823 - INFO - Инициализация QApplication...
2026-03-03 11:03:48,843 - INFO - Создание окна регистрации...
2026-03-03 11:03:49,093 - INFO - Запуск цикла событий...
2026-03-03 11:04:59,958 - INFO - === Запуск приложения ===
2026-03-03 11:04:59,958 - INFO - Проверка подключения к базе данных...
2026-03-03 11:04:59,958 - INFO - Попытка подключения к localhost...
2026-03-03 11:04:59,965 - INFO - ✅ Подключение успешно (PyMySQL)
2026-03-03 11:04:59,965 - INFO - ✅ Подключение к БД успешно
2026-03-03 11:04:59,965 - INFO - Тестовое соединение закрыто
2026-03-03 11:05:00,268 - INFO - Инициализация QApplication...
2026-03-03 11:05:00,294 - INFO - Создание окна регистрации...
2026-03-03 11:05:00,655 - INFO - Запуск цикла событий...
2026-03-03 11:06:24,680 - INFO - === Запуск приложения ===
2026-03-03 11:06:24,680 - INFO - Проверка подключения к базе данных...
2026-03-03 11:06:24,681 - INFO - Попытка подключения к localhost...
2026-03-03 11:06:24,686 - INFO - ✅ Подключение успешно (PyMySQL)
2026-03-03 11:06:24,686 - INFO - ✅ Подключение к БД успешно
2026-03-03 11:06:24,687 - INFO - Тестовое соединение закрыто
2026-03-03 11:06:24,989 - INFO - Инициализация QApplication...
2026-03-03 11:06:25,007 - INFO - Создание окна регистрации...
2026-03-03 11:06:25,335 - INFO - Запуск цикла событий...
2026-03-03 11:07:45,098 - INFO - === Запуск приложения ===
2026-03-03 11:07:45,098 - INFO - Проверка подключения к базе данных...
2026-03-03 11:07:45,098 - INFO - Попытка подключения к localhost...
2026-03-03 11:07:45,104 - INFO - ✅ Подключение успешно (PyMySQL)
2026-03-03 11:07:45,104 - INFO - ✅ Подключение к БД успешно
2026-03-03 11:07:45,105 - INFO - Тестовое соединение закрыто
2026-03-03 11:07:45,407 - INFO - Инициализация QApplication...
2026-03-03 11:07:45,426 - INFO - Создание окна регистрации...
2026-03-03 11:07:45,750 - INFO - Запуск цикла событий...
2026-03-03 11:07:58,563 - INFO - Попытка подключения к localhost...
2026-03-03 11:07:58,575 - INFO - ✅ Подключение успешно (PyMySQL)
2026-03-03 11:08:08,574 - INFO - Попытка подключения к localhost...
2026-03-03 11:08:08,598 - INFO - ✅ Подключение успешно (PyMySQL)
2026-03-03 11:08:20,880 - INFO - Попытка подключения к localhost...
2026-03-03 11:08:20,902 - INFO - ✅ Подключение успешно (PyMySQL)
2026-03-03 11:08:43,354 - INFO - Попытка подключения к localhost...
2026-03-03 11:08:43,355 - INFO - ✅ Подключение успешно (PyMySQL)
2026-03-03 11:08:43,356 - INFO - Проверка email a3@mail.ru: не найден
2026-03-03 11:08:43,358 - INFO - Попытка подключения к localhost...
2026-03-03 11:08:43,372 - INFO - ✅ Подключение успешно (PyMySQL)
2026-03-03 11:08:43,372 - INFO - Роль 'Пользователь' найдена, ID: 1
2026-03-03 11:08:43,374 - INFO - Попытка подключения к localhost...
2026-03-03 11:08:43,375 - INFO - ✅ Подключение успешно (PyMySQL)
2026-03-03 11:08:54,735 - INFO - Попытка подключения к localhost...
2026-03-03 11:08:54,754 - INFO - ✅ Подключение успешно (PyMySQL)
2026-03-03 11:10:28,785 - INFO - === Запуск приложения ===
2026-03-03 11:10:28,785 - INFO - Проверка подключения к базе данных...
2026-03-03 11:10:28,785 - INFO - Попытка подключения к localhost...
2026-03-03 11:10:28,791 - INFO - ✅ Подключение успешно (PyMySQL)
2026-03-03 11:10:28,791 - INFO - ✅ Подключение к БД успешно
2026-03-03 11:10:28,791 - INFO - Тестовое соединение закрыто
2026-03-03 11:10:29,094 - INFO - Инициализация QApplication...
2026-03-03 11:10:29,113 - INFO - Создание окна регистрации...
2026-03-03 11:10:29,426 - INFO - Запуск цикла событий...
2026-03-03 11:10:43,435 - INFO - Попытка подключения к localhost...
2026-03-03 11:10:43,453 - INFO - ✅ Подключение успешно (PyMySQL)
2026-03-03 11:22:21,151 - INFO - === Запуск приложения ===
2026-03-03 11:22:21,151 - INFO - Проверка подключения к базе данных...
2026-03-03 11:22:21,151 - INFO - Попытка подключения к localhost...
2026-03-03 11:22:21,157 - INFO - ✅ Подключение успешно (PyMySQL)
2026-03-03 11:22:21,157 - INFO - ✅ Подключение к БД успешно
2026-03-03 11:22:21,157 - INFO - Тестовое соединение закрыто
2026-03-03 11:22:21,459 - INFO - Инициализация QApplication...
2026-03-03 11:22:21,480 - INFO - Создание окна регистрации...
2026-03-03 11:22:21,812 - INFO - Запуск цикла событий...
2026-03-03 11:22:32,568 - INFO - Попытка подключения к localhost...
2026-03-03 11:22:32,570 - INFO - ✅ Подключение успешно (PyMySQL)
2026-03-03 11:22:35,820 - INFO - Приложение завершено: 0
2026-03-03 16:23:31,765 - INFO - === Запуск приложения ===
2026-03-03 16:23:31,765 - INFO - Проверка подключения к базе данных...
2026-03-03 16:23:31,765 - INFO - Попытка подключения к localhost...
2026-03-03 16:23:31,772 - INFO - ✅ Подключение успешно (PyMySQL)
2026-03-03 16:23:31,772 - INFO - ✅ Подключение к БД успешно
2026-03-03 16:23:31,772 - INFO - Тестовое соединение закрыто
2026-03-03 16:23:32,074 - INFO - Инициализация QApplication...
2026-03-03 16:23:32,180 - INFO - Создание окна регистрации...
2026-03-03 16:23:32,971 - INFO - Запуск цикла событий...
2026-03-03 16:23:46,262 - INFO - Попытка подключения к localhost...
2026-03-03 16:23:46,263 - INFO - ✅ Подключение успешно (PyMySQL)
2026-03-03 16:23:46,292 - INFO - Попытка подключения к localhost...
2026-03-03 16:23:46,293 - INFO - ✅ Подключение успешно (PyMySQL)
2026-03-03 16:30:28,028 - INFO - === Запуск приложения ===
2026-03-03 16:30:28,028 - INFO - Проверка подключения к базе данных...
2026-03-03 16:30:28,028 - INFO - Попытка подключения к localhost...
2026-03-03 16:30:28,036 - INFO - ✅ Подключение успешно (PyMySQL)
2026-03-03 16:30:28,036 - INFO - ✅ Подключение к БД успешно
2026-03-03 16:30:28,036 - INFO - Тестовое соединение закрыто
2026-03-03 16:30:28,338 - INFO - Инициализация QApplication...
2026-03-03 16:30:28,357 - INFO - Создание окна регистрации...
2026-03-03 16:30:28,665 - INFO - Запуск цикла событий...
2026-03-03 16:30:39,284 - INFO - Попытка подключения к localhost...
2026-03-03 16:30:39,302 - INFO - ✅ Подключение успешно (PyMySQL)
2026-03-03 16:30:39,307 - INFO - Попытка подключения к localhost...
2026-03-03 16:30:39,334 - INFO - ✅ Подключение успешно (PyMySQL)
2026-03-03 16:42:47,248 - INFO - Приложение завершено: 0
2026-03-03 16:43:33,004 - INFO - === Запуск приложения ===
2026-03-03 16:43:33,004 - INFO - Проверка подключения к базе данных...
2026-03-03 16:43:33,004 - INFO - Попытка подключения к localhost...
2026-03-03 16:43:33,011 - INFO - ✅ Подключение успешно (PyMySQL)
2026-03-03 16:43:33,011 - INFO - ✅ Подключение к БД успешно
2026-03-03 16:43:33,011 - INFO - Тестовое соединение закрыто
2026-03-03 16:43:33,313 - INFO - Инициализация QApplication...
2026-03-03 16:43:33,333 - INFO - Создание окна регистрации...
2026-03-03 16:43:33,645 - INFO - Запуск цикла событий...
2026-03-03 16:43:44,617 - INFO - Попытка подключения к localhost...
2026-03-03 16:43:44,642 - INFO - ✅ Подключение успешно (PyMySQL)
2026-03-03 16:43:44,645 - INFO - Попытка подключения к localhost...
2026-03-03 16:43:44,647 - INFO - ✅ Подключение успешно (PyMySQL)
2026-03-03 16:43:51,663 - INFO - Приложение завершено: 0
2026-03-03 16:44:12,000 - INFO - === Запуск приложения ===
2026-03-03 16:44:12,000 - INFO - Проверка подключения к базе данных...
2026-03-03 16:44:12,000 - INFO - Попытка подключения к localhost...
2026-03-03 16:44:12,007 - INFO - ✅ Подключение успешно (PyMySQL)
2026-03-03 16:44:12,007 - INFO - ✅ Подключение к БД успешно
2026-03-03 16:44:12,007 - INFO - Тестовое соединение закрыто
2026-03-03 16:44:12,309 - INFO - Инициализация QApplication...
2026-03-03 16:44:12,329 - INFO - Создание окна регистрации...
2026-03-03 16:44:12,648 - INFO - Запуск цикла событий...
2026-03-03 16:44:30,675 - INFO - Попытка подключения к localhost...
2026-03-03 16:44:30,678 - INFO - ✅ Подключение успешно (PyMySQL)
2026-03-03 16:44:30,678 - INFO - Роль 'Администратор' найдена, ID: 3
2026-03-03 16:44:30,681 - INFO - Попытка подключения к localhost...
2026-03-03 16:44:30,682 - INFO - ✅ Подключение успешно (PyMySQL)
2026-03-03 16:44:30,688 - INFO - Попытка подключения к localhost...
2026-03-03 16:44:30,690 - INFO - ✅ Подключение успешно (PyMySQL)
2026-03-03 16:44:44,259 - INFO - Попытка подключения к localhost...
2026-03-03 16:44:44,260 - INFO - ✅ Подключение успешно (PyMySQL)
2026-03-03 16:44:44,305 - INFO - Попытка подключения к localhost...
2026-03-03 16:44:44,323 - INFO - ✅ Подключение успешно (PyMySQL)
2026-03-03 16:55:09,398 - INFO - === Запуск приложения ===
2026-03-03 16:55:09,398 - INFO - Проверка подключения к базе данных...
2026-03-03 16:55:09,398 - INFO - Попытка подключения к localhost...
2026-03-03 16:55:09,405 - INFO - ✅ Подключение успешно (PyMySQL)
2026-03-03 16:55:09,405 - INFO - ✅ Подключение к БД успешно
2026-03-03 16:55:09,405 - INFO - Тестовое соединение закрыто
2026-03-03 16:55:09,707 - INFO - Инициализация QApplication...
2026-03-03 16:55:09,726 - INFO - Создание окна регистрации...
2026-03-03 16:55:10,048 - INFO - Запуск цикла событий...
2026-03-03 16:55:42,307 - INFO - Попытка подключения к localhost...
2026-03-03 16:55:42,329 - INFO - ✅ Подключение успешно (PyMySQL)
2026-03-03 16:55:42,333 - INFO - Попытка подключения к localhost...
2026-03-03 16:55:42,334 - INFO - ✅ Подключение успешно (PyMySQL)
2026-03-03 17:00:53,679 - INFO - === Запуск приложения ===
2026-03-03 17:00:53,679 - INFO - Проверка подключения к базе данных...
2026-03-03 17:00:53,679 - INFO - Попытка подключения к localhost...
2026-03-03 17:00:53,685 - INFO - ✅ Подключение успешно (PyMySQL)
2026-03-03 17:00:53,685 - INFO - ✅ Подключение к БД успешно
2026-03-03 17:00:53,685 - INFO - Тестовое соединение закрыто
2026-03-03 17:00:53,988 - INFO - Инициализация QApplication...
2026-03-03 17:00:54,007 - INFO - Создание окна регистрации...
2026-03-03 17:00:54,319 - INFO - Запуск цикла событий...
2026-03-03 17:01:06,066 - INFO - Попытка подключения к localhost...
2026-03-03 17:01:06,078 - INFO - ✅ Подключение успешно (PyMySQL)
2026-03-03 17:01:06,080 - INFO - Попытка подключения к localhost...
2026-03-03 17:01:06,093 - INFO - ✅ Подключение успешно (PyMySQL)
2026-03-03 17:02:04,868 - INFO - === Запуск приложения ===
2026-03-03 17:02:04,868 - INFO - Проверка подключения к базе данных...
2026-03-03 17:02:04,868 - INFO - Попытка подключения к localhost...
2026-03-03 17:02:04,874 - INFO - ✅ Подключение успешно (PyMySQL)
2026-03-03 17:02:04,874 - INFO - ✅ Подключение к БД успешно
2026-03-03 17:02:04,875 - INFO - Тестовое соединение закрыто
2026-03-03 17:02:05,177 - INFO - Инициализация QApplication...
2026-03-03 17:02:05,199 - INFO - Создание окна регистрации...
2026-03-03 17:02:05,528 - INFO - Запуск цикла событий...
2026-03-03 17:02:13,417 - INFO - Попытка подключения к localhost...
2026-03-03 17:02:13,419 - INFO - ✅ Подключение успешно (PyMySQL)
2026-03-03 17:02:13,421 - INFO - Попытка подключения к localhost...
2026-03-03 17:02:13,444 - INFO - ✅ Подключение успешно (PyMySQL)
2026-03-03 17:02:25,125 - INFO - Попытка подключения к localhost...
2026-03-03 17:02:25,127 - INFO - ✅ Подключение успешно (PyMySQL)
2026-03-03 17:03:54,156 - INFO - === Запуск приложения ===
2026-03-03 17:03:54,156 - INFO - Проверка подключения к базе данных...
2026-03-03 17:03:54,156 - INFO - Попытка подключения к localhost...
2026-03-03 17:03:54,163 - INFO - ✅ Подключение успешно (PyMySQL)
2026-03-03 17:03:54,163 - INFO - ✅ Подключение к БД успешно
2026-03-03 17:03:54,163 - INFO - Тестовое соединение закрыто
2026-03-03 17:03:54,465 - INFO - Инициализация QApplication...
2026-03-03 17:03:54,485 - INFO - Создание окна регистрации...
2026-03-03 17:03:54,804 - INFO - Запуск цикла событий...
2026-03-03 17:04:05,761 - INFO - Попытка подключения к localhost...
2026-03-03 17:04:05,776 - INFO - ✅ Подключение успешно (PyMySQL)
2026-03-03 17:04:05,780 - INFO - Попытка подключения к localhost...
2026-03-03 17:04:05,781 - INFO - ✅ Подключение успешно (PyMySQL)
2026-03-03 17:04:17,638 - INFO - Попытка подключения к localhost...
2026-03-03 17:04:17,660 - INFO - ✅ Подключение успешно (PyMySQL)
2026-03-03 17:04:18,771 - INFO - Попытка подключения к localhost...
2026-03-03 17:04:18,773 - INFO - ✅ Подключение успешно (PyMySQL)
2026-03-03 17:05:47,950 - INFO - === Запуск приложения ===
2026-03-03 17:05:47,950 - INFO - Проверка подключения к базе данных...
2026-03-03 17:05:47,950 - INFO - Попытка подключения к localhost...
2026-03-03 17:05:47,956 - INFO - ✅ Подключение успешно (PyMySQL)
2026-03-03 17:05:47,956 - INFO - ✅ Подключение к БД успешно
2026-03-03 17:05:47,956 - INFO - Тестовое соединение закрыто
2026-03-03 17:05:48,258 - INFO - Инициализация QApplication...
2026-03-03 17:05:48,280 - INFO - Создание окна регистрации...
2026-03-03 17:05:48,598 - INFO - Запуск цикла событий...
2026-03-03 17:05:56,624 - INFO - Попытка подключения к localhost...
2026-03-03 17:05:56,625 - INFO - ✅ Подключение успешно (PyMySQL)
2026-03-03 17:06:00,980 - INFO - Попытка подключения к localhost...
2026-03-03 17:06:01,004 - INFO - ✅ Подключение успешно (PyMySQL)
2026-03-03 17:06:01,008 - INFO - Попытка подключения к localhost...
2026-03-03 17:06:01,009 - INFO - ✅ Подключение успешно (PyMySQL)
2026-03-03 17:06:15,487 - INFO - Попытка подключения к localhost...
2026-03-03 17:06:15,489 - INFO - ✅ Подключение успешно (PyMySQL)
2026-03-03 17:06:16,362 - INFO - Попытка подключения к localhost...
2026-03-03 17:06:16,363 - INFO - ✅ Подключение успешно (PyMySQL)
2026-03-03 17:08:55,202 - INFO - === Запуск приложения ===
2026-03-03 17:08:55,202 - INFO - Проверка подключения к базе данных...
2026-03-03 17:08:55,202 - INFO - Попытка подключения к localhost...
2026-03-03 17:08:55,208 - INFO - ✅ Подключение успешно (PyMySQL)
2026-03-03 17:08:55,208 - INFO - ✅ Подключение к БД успешно
2026-03-03 17:08:55,209 - INFO - Тестовое соединение закрыто
2026-03-03 17:08:55,511 - INFO - Инициализация QApplication...
2026-03-03 17:08:55,530 - INFO - Создание окна регистрации...
2026-03-03 17:08:55,855 - INFO - Запуск цикла событий...
2026-03-03 17:09:05,735 - INFO - Попытка подключения к localhost...
2026-03-03 17:09:05,760 - INFO - ✅ Подключение успешно (PyMySQL)
2026-03-03 17:09:05,768 - INFO - Попытка подключения к localhost...
2026-03-03 17:09:05,770 - INFO - ✅ Подключение успешно (PyMySQL)
2026-03-03 17:10:06,398 - INFO - Попытка подключения к localhost...
2026-03-03 17:10:06,418 - INFO - ✅ Подключение успешно (PyMySQL)
2026-03-03 17:10:08,353 - INFO - Попытка подключения к localhost...
2026-03-03 17:10:08,377 - INFO - ✅ Подключение успешно (PyMySQL)
2026-03-03 17:10:10,395 - INFO - Попытка подключения к localhost...
2026-03-03 17:10:10,397 - INFO - ✅ Подключение успешно (PyMySQL)
2026-03-03 17:13:12,536 - INFO - === Запуск приложения ===
2026-03-03 17:13:12,536 - INFO - Проверка подключения к базе данных...
2026-03-03 17:13:12,537 - INFO - Попытка подключения к localhost...
2026-03-03 17:13:12,543 - INFO - ✅ Подключение успешно (PyMySQL)
2026-03-03 17:13:12,543 - INFO - ✅ Подключение к БД успешно
2026-03-03 17:13:12,543 - INFO - Тестовое соединение закрыто
2026-03-03 17:13:12,845 - INFO - Инициализация QApplication...
2026-03-03 17:13:12,864 - INFO - Создание окна регистрации...
2026-03-03 17:13:13,181 - INFO - Запуск цикла событий...
2026-03-03 17:13:43,517 - INFO - Попытка подключения к localhost...
2026-03-03 17:13:43,530 - INFO - ✅ Подключение успешно (PyMySQL)
2026-03-03 17:13:43,530 - INFO - Роль 'Менеджер' найдена, ID: 2
2026-03-03 17:13:43,533 - INFO - Попытка подключения к localhost...
2026-03-03 17:13:43,545 - INFO - ✅ Подключение успешно (PyMySQL)
2026-03-03 17:13:51,605 - INFO - === Запуск приложения ===
2026-03-03 17:13:51,605 - INFO - Проверка подключения к базе данных...
2026-03-03 17:13:51,605 - INFO - Попытка подключения к localhost...
2026-03-03 17:13:51,612 - INFO - ✅ Подключение успешно (PyMySQL)
2026-03-03 17:13:51,612 - INFO - ✅ Подключение к БД успешно
2026-03-03 17:13:51,612 - INFO - Тестовое соединение закрыто
2026-03-03 17:13:51,914 - INFO - Инициализация QApplication...
2026-03-03 17:13:51,933 - INFO - Создание окна регистрации...
2026-03-03 17:13:52,245 - INFO - Запуск цикла событий...
2026-03-03 17:14:24,092 - INFO - Попытка подключения к localhost...
2026-03-03 17:14:24,115 - INFO - ✅ Подключение успешно (PyMySQL)
2026-03-03 17:14:24,116 - INFO - Роль 'Менеджер' найдена, ID: 2
2026-03-03 17:14:24,118 - INFO - Попытка подключения к localhost...
2026-03-03 17:14:24,119 - INFO - ✅ Подключение успешно (PyMySQL)
2026-03-03 17:15:52,419 - INFO - === Запуск приложения ===
2026-03-03 17:15:52,419 - INFO - Проверка подключения к базе данных...
2026-03-03 17:15:52,419 - INFO - Попытка подключения к localhost...
2026-03-03 17:15:52,425 - INFO - ✅ Подключение успешно (PyMySQL)
2026-03-03 17:15:52,425 - INFO - ✅ Подключение к БД успешно
2026-03-03 17:15:52,426 - INFO - Тестовое соединение закрыто
2026-03-03 17:15:52,728 - INFO - Инициализация QApplication...
2026-03-03 17:15:52,747 - INFO - Создание окна регистрации...
2026-03-03 17:15:53,071 - INFO - Запуск цикла событий...
2026-03-03 17:16:27,607 - INFO - Попытка подключения к localhost...
2026-03-03 17:16:27,608 - INFO - ✅ Подключение успешно (PyMySQL)
2026-03-03 17:16:27,609 - INFO - Роль 'Менеджер' найдена, ID: 2
2026-03-03 17:16:27,611 - INFO - Попытка подключения к localhost...
2026-03-03 17:16:27,630 - INFO - ✅ Подключение успешно (PyMySQL)
2026-03-03 17:16:35,466 - INFO - Приложение завершено: 0
2026-03-03 17:16:50,580 - INFO - === Запуск приложения ===
2026-03-03 17:16:50,580 - INFO - Проверка подключения к базе данных...
2026-03-03 17:16:50,580 - INFO - Попытка подключения к localhost...
2026-03-03 17:16:50,586 - INFO - ✅ Подключение успешно (PyMySQL)
2026-03-03 17:16:50,587 - INFO - ✅ Подключение к БД успешно
2026-03-03 17:16:50,587 - INFO - Тестовое соединение закрыто
2026-03-03 17:16:50,889 - INFO - Инициализация QApplication...
2026-03-03 17:16:50,908 - INFO - Создание окна регистрации...
2026-03-03 17:16:51,226 - INFO - Запуск цикла событий...
2026-03-03 17:17:29,826 - INFO - Попытка подключения к localhost...
2026-03-03 17:17:29,843 - INFO - ✅ Подключение успешно (PyMySQL)
2026-03-03 17:17:29,844 - INFO - Роль 'Менеджер' найдена, ID: 2
2026-03-03 17:17:29,846 - INFO - Попытка подключения к localhost...
2026-03-03 17:17:29,859 - INFO - ✅ Подключение успешно (PyMySQL)
2026-03-03 17:18:05,571 - INFO - Попытка подключения к localhost...
2026-03-03 17:18:05,589 - INFO - ✅ Подключение успешно (PyMySQL)
2026-03-03 17:18:05,589 - INFO - Роль 'Менеджер' найдена, ID: 2
2026-03-03 17:18:05,591 - INFO - Попытка подключения к localhost...
2026-03-03 17:18:05,605 - INFO - ✅ Подключение успешно (PyMySQL)
2026-03-03 17:19:20,978 - INFO - === Запуск приложения ===
2026-03-03 17:19:20,978 - INFO - Проверка подключения к базе данных...
2026-03-03 17:19:20,978 - INFO - Попытка подключения к localhost...
2026-03-03 17:19:20,985 - INFO - ✅ Подключение успешно (PyMySQL)
2026-03-03 17:19:20,985 - INFO - ✅ Подключение к БД успешно
2026-03-03 17:19:20,985 - INFO - Тестовое соединение закрыто
2026-03-03 17:19:21,288 - INFO - Инициализация QApplication...
2026-03-03 17:19:21,308 - INFO - Создание окна регистрации...
2026-03-03 17:19:21,635 - INFO - Запуск цикла событий...
2026-03-03 17:19:33,182 - INFO - Попытка подключения к localhost...
2026-03-03 17:19:33,200 - INFO - ✅ Подключение успешно (PyMySQL)
2026-03-03 17:25:59,892 - INFO - === Запуск приложения ===
2026-03-03 17:25:59,892 - INFO - Проверка подключения к базе данных...
2026-03-03 17:25:59,892 - INFO - Попытка подключения к localhost...
2026-03-03 17:25:59,899 - INFO - ✅ Подключение успешно (PyMySQL)
2026-03-03 17:25:59,899 - INFO - ✅ Подключение к БД успешно
2026-03-03 17:25:59,899 - INFO - Тестовое соединение закрыто
2026-03-03 17:26:00,201 - INFO - Инициализация QApplication...
2026-03-03 17:26:00,222 - INFO - Создание окна регистрации...
2026-03-03 17:26:00,588 - INFO - Запуск цикла событий...
2026-03-03 17:26:09,360 - INFO - Попытка подключения к localhost...
2026-03-03 17:26:09,382 - INFO - ✅ Подключение успешно (PyMySQL)
2026-03-03 17:28:29,680 - INFO - === Запуск приложения ===
2026-03-03 17:28:29,680 - INFO - Проверка подключения к базе данных...
2026-03-03 17:28:29,680 - INFO - Попытка подключения к localhost...
2026-03-03 17:28:29,687 - INFO - ✅ Подключение успешно (PyMySQL)
2026-03-03 17:28:29,687 - INFO - ✅ Подключение к БД успешно
2026-03-03 17:28:29,687 - INFO - Тестовое соединение закрыто
2026-03-03 17:28:29,989 - INFO - Инициализация QApplication...
2026-03-03 17:28:30,009 - INFO - Создание окна регистрации...
2026-03-03 17:28:30,323 - INFO - Запуск цикла событий...
2026-03-03 17:28:39,635 - INFO - Попытка подключения к localhost...
2026-03-03 17:28:39,656 - INFO - ✅ Подключение успешно (PyMySQL)
2026-03-03 17:29:14,823 - INFO - === Запуск приложения ===
2026-03-03 17:29:14,823 - INFO - Проверка подключения к базе данных...
2026-03-03 17:29:14,823 - INFO - Попытка подключения к localhost...
2026-03-03 17:29:14,830 - INFO - ✅ Подключение успешно (PyMySQL)
2026-03-03 17:29:14,830 - INFO - ✅ Подключение к БД успешно
2026-03-03 17:29:14,830 - INFO - Тестовое соединение закрыто
2026-03-03 17:29:15,132 - INFO - Инициализация QApplication...
2026-03-03 17:29:15,152 - INFO - Создание окна регистрации...
2026-03-03 17:29:15,479 - INFO - Запуск цикла событий...
2026-03-03 17:29:22,499 - INFO - Попытка подключения к localhost...
2026-03-03 17:29:22,510 - INFO - ✅ Подключение успешно (PyMySQL)
2026-03-03 17:33:30,490 - INFO - === Запуск приложения ===
2026-03-03 17:33:30,490 - INFO - Проверка подключения к базе данных...
2026-03-03 17:33:30,490 - INFO - Попытка подключения к localhost...
2026-03-03 17:33:30,496 - INFO - ✅ Подключение успешно (PyMySQL)
2026-03-03 17:33:30,496 - INFO - ✅ Подключение к БД успешно
2026-03-03 17:33:30,497 - INFO - Тестовое соединение закрыто
2026-03-03 17:33:30,497 - INFO - Инициализация QApplication...
2026-03-03 17:33:30,519 - INFO - Создание окна регистрации...
2026-03-03 17:34:17,341 - INFO - === Запуск приложения ===
2026-03-03 17:34:17,341 - INFO - Проверка подключения к базе данных...
2026-03-03 17:34:17,341 - INFO - Попытка подключения к localhost...
2026-03-03 17:34:17,347 - INFO - ✅ Подключение успешно (PyMySQL)
2026-03-03 17:34:17,347 - INFO - ✅ Подключение к БД успешно
2026-03-03 17:34:17,347 - INFO - Тестовое соединение закрыто
2026-03-03 17:34:17,347 - INFO - Инициализация QApplication...
2026-03-03 17:34:17,369 - INFO - Создание окна регистрации...
2026-03-03 17:34:17,691 - INFO - Запуск цикла событий...
2026-03-03 17:34:30,648 - INFO - === Запуск приложения ===
2026-03-03 17:34:30,648 - INFO - Проверка подключения к базе данных...
2026-03-03 17:34:30,648 - INFO - Попытка подключения к localhost...
2026-03-03 17:34:30,655 - INFO - ✅ Подключение успешно (PyMySQL)
2026-03-03 17:34:30,655 - INFO - ✅ Подключение к БД успешно
2026-03-03 17:34:30,655 - INFO - Тестовое соединение закрыто
2026-03-03 17:34:30,655 - INFO - Инициализация QApplication...
2026-03-03 17:34:30,675 - INFO - Создание окна регистрации...
2026-03-03 17:34:31,004 - INFO - Запуск цикла событий...
2026-03-03 17:34:43,046 - INFO - === Запуск приложения ===
2026-03-03 17:34:43,046 - INFO - Проверка подключения к базе данных...
2026-03-03 17:34:43,046 - INFO - Попытка подключения к localhost...
2026-03-03 17:34:43,052 - INFO - ✅ Подключение успешно (PyMySQL)
2026-03-03 17:34:43,052 - INFO - ✅ Подключение к БД успешно
2026-03-03 17:34:43,052 - INFO - Тестовое соединение закрыто
2026-03-03 17:34:43,052 - INFO - Инициализация QApplication...
2026-03-03 17:34:43,070 - INFO - Создание окна регистрации...
2026-03-03 17:34:43,395 - INFO - Запуск цикла событий...
2026-03-03 17:35:03,450 - INFO - Попытка подключения к localhost...
2026-03-03 17:35:03,464 - INFO - ✅ Подключение успешно (PyMySQL)
2026-03-03 17:37:54,510 - INFO - === Запуск приложения ===
2026-03-03 17:37:54,510 - INFO - Проверка подключения к базе данных...
2026-03-03 17:37:54,510 - INFO - Попытка подключения к localhost...
2026-03-03 17:37:54,516 - INFO - ✅ Подключение успешно (PyMySQL)
2026-03-03 17:37:54,516 - INFO - ✅ Подключение к БД успешно
2026-03-03 17:37:54,516 - INFO - Тестовое соединение закрыто
2026-03-03 17:37:54,516 - INFO - Инициализация QApplication...
2026-03-03 17:37:54,537 - INFO - Создание окна регистрации...
2026-03-03 17:37:54,877 - INFO - Запуск цикла событий...
2026-03-03 17:38:04,026 - INFO - Попытка подключения к localhost...
2026-03-03 17:38:04,042 - INFO - ✅ Подключение успешно (PyMySQL)
2026-03-03 17:38:09,891 - INFO - Попытка подключения к localhost...
2026-03-03 17:38:09,909 - INFO - ✅ Подключение успешно (PyMySQL)
2026-03-03 17:38:54,749 - INFO - === Запуск приложения ===
2026-03-03 17:38:54,749 - INFO - Проверка подключения к базе данных...
2026-03-03 17:38:54,749 - INFO - Попытка подключения к localhost...
2026-03-03 17:38:54,755 - INFO - ✅ Подключение успешно (PyMySQL)
2026-03-03 17:38:54,755 - INFO - ✅ Подключение к БД успешно
2026-03-03 17:38:54,756 - INFO - Тестовое соединение закрыто
2026-03-03 17:38:54,756 - INFO - Инициализация QApplication...
2026-03-03 17:38:54,777 - INFO - Создание окна регистрации...
2026-03-03 17:38:55,099 - INFO - Запуск цикла событий...
2026-03-03 17:39:05,311 - INFO - Попытка подключения к localhost...
2026-03-03 17:39:05,337 - INFO - ✅ Подключение успешно (PyMySQL)
2026-03-03 17:40:13,067 - INFO - === Запуск приложения ===
2026-03-03 17:40:13,067 - INFO - Проверка подключения к базе данных...
2026-03-03 17:40:13,067 - INFO - Попытка подключения к localhost...
2026-03-03 17:40:13,073 - INFO - ✅ Подключение успешно (PyMySQL)
2026-03-03 17:40:13,073 - INFO - ✅ Подключение к БД успешно
2026-03-03 17:40:13,073 - INFO - Тестовое соединение закрыто
2026-03-03 17:40:13,073 - INFO - Инициализация QApplication...
2026-03-03 17:40:13,095 - INFO - Создание окна регистрации...
2026-03-03 17:40:13,413 - INFO - Запуск цикла событий...
2026-03-03 17:40:23,510 - INFO - Попытка подключения к localhost...
2026-03-03 17:40:23,512 - INFO - ✅ Подключение успешно (PyMySQL)
2026-03-03 17:40:23,517 - INFO - Попытка подключения к localhost...
2026-03-03 17:40:23,518 - INFO - ✅ Подключение успешно (PyMySQL)
2026-03-03 17:40:26,400 - INFO - Попытка подключения к localhost...
2026-03-03 17:40:26,422 - INFO - ✅ Подключение успешно (PyMySQL)
2026-03-03 17:40:28,119 - INFO - Попытка подключения к localhost...
2026-03-03 17:40:28,131 - INFO - ✅ Подключение успешно (PyMySQL)
2026-03-03 17:40:29,288 - INFO - Попытка подключения к localhost...
2026-03-03 17:40:29,312 - INFO - ✅ Подключение успешно (PyMySQL)
2026-03-03 17:40:37,846 - INFO - Попытка подключения к localhost...
2026-03-03 17:40:37,869 - INFO - ✅ Подключение успешно (PyMySQL)
2026-03-03 17:40:37,885 - INFO - Попытка подключения к localhost...
2026-03-03 17:40:37,886 - INFO - ✅ Подключение успешно (PyMySQL)
2026-03-03 17:40:38,735 - INFO - Попытка подключения к localhost...
2026-03-03 17:40:38,758 - INFO - ✅ Подключение успешно (PyMySQL)
2026-03-03 17:40:38,775 - INFO - Попытка подключения к localhost...
2026-03-03 17:40:38,789 - INFO - ✅ Подключение успешно (PyMySQL)
2026-03-03 17:40:39,545 - INFO - Попытка подключения к localhost...
2026-03-03 17:40:39,566 - INFO - ✅ Подключение успешно (PyMySQL)
2026-03-03 17:40:39,599 - INFO - Попытка подключения к localhost...
2026-03-03 17:40:39,612 - INFO - ✅ Подключение успешно (PyMySQL)
2026-03-03 17:40:57,097 - INFO - Попытка подключения к localhost...
2026-03-03 17:40:57,118 - INFO - ✅ Подключение успешно (PyMySQL)
2026-03-03 17:40:58,026 - INFO - Попытка подключения к localhost...
2026-03-03 17:40:58,027 - INFO - ✅ Подключение успешно (PyMySQL)
2026-03-03 17:41:08,111 - INFO - Попытка подключения к localhost...
2026-03-03 17:41:08,113 - INFO - ✅ Подключение успешно (PyMySQL)
2026-03-03 17:41:09,069 - INFO - Попытка подключения к localhost...
2026-03-03 17:41:09,071 - INFO - ✅ Подключение успешно (PyMySQL)
2026-03-03 17:41:13,665 - INFO - Попытка подключения к localhost...
2026-03-03 17:41:13,666 - INFO - ✅ Подключение успешно (PyMySQL)
2026-03-03 17:41:16,851 - INFO - Попытка подключения к localhost...
2026-03-03 17:41:16,853 - INFO - ✅ Подключение успешно (PyMySQL)
2026-03-03 17:41:24,747 - INFO - Приложение завершено: 0
2026-03-03 17:43:03,365 - INFO - === Запуск приложения ===
2026-03-03 17:43:03,365 - INFO - Проверка подключения к базе данных...
2026-03-03 17:43:03,365 - INFO - Попытка подключения к localhost...
2026-03-03 17:43:03,372 - INFO - ✅ Подключение успешно (PyMySQL)
2026-03-03 17:43:03,372 - INFO - ✅ Подключение к БД успешно
2026-03-03 17:43:03,372 - INFO - Тестовое соединение закрыто
2026-03-03 17:43:03,372 - INFO - Инициализация QApplication...
2026-03-03 17:43:03,394 - INFO - Создание окна регистрации...
2026-03-03 17:43:03,717 - INFO - Запуск цикла событий...
2026-03-03 17:43:27,330 - INFO - Попытка подключения к localhost...
2026-03-03 17:43:27,346 - INFO - ✅ Подключение успешно (PyMySQL)
2026-03-03 17:43:27,347 - INFO - Роль 'Менеджер' найдена, ID: 2
2026-03-03 17:43:27,349 - INFO - Попытка подключения к localhost...
2026-03-03 17:43:27,363 - INFO - ✅ Подключение успешно (PyMySQL)
2026-03-03 17:43:32,756 - INFO - Попытка подключения к localhost...
2026-03-03 17:43:32,779 - INFO - ✅ Подключение успешно (PyMySQL)
2026-03-03 17:43:32,780 - INFO - Роль 'Менеджер' найдена, ID: 2
2026-03-03 17:43:32,782 - INFO - Попытка подключения к localhost...
2026-03-03 17:43:32,784 - INFO - ✅ Подключение успешно (PyMySQL)
2026-03-03 17:43:32,805 - INFO - Попытка подключения к localhost...
2026-03-03 17:43:32,806 - INFO - ✅ Подключение успешно (PyMySQL)
2026-03-03 17:43:54,251 - INFO - Попытка подключения к localhost...
2026-03-03 17:43:54,263 - INFO - ✅ Подключение успешно (PyMySQL)
2026-03-03 17:43:54,265 - INFO - Попытка подключения к localhost...
2026-03-03 17:43:54,278 - INFO - ✅ Подключение успешно (PyMySQL)
2026-03-03 17:45:10,496 - INFO - === Запуск приложения ===
2026-03-03 17:45:10,496 - INFO - Проверка подключения к базе данных...
2026-03-03 17:45:10,496 - INFO - Попытка подключения к localhost...
2026-03-03 17:45:10,503 - INFO - ✅ Подключение успешно (PyMySQL)
2026-03-03 17:45:10,503 - INFO - ✅ Подключение к БД успешно
2026-03-03 17:45:10,503 - INFO - Тестовое соединение закрыто
2026-03-03 17:45:10,503 - INFO - Инициализация QApplication...
2026-03-03 17:45:10,524 - INFO - Создание окна регистрации...
2026-03-03 17:45:10,890 - INFO - Запуск цикла событий...
2026-03-03 17:45:26,053 - INFO - Попытка подключения к localhost...
2026-03-03 17:45:26,076 - INFO - ✅ Подключение успешно (PyMySQL)
2026-03-03 17:45:26,093 - INFO - Попытка подключения к localhost...
2026-03-03 17:45:26,094 - INFO - ✅ Подключение успешно (PyMySQL)
2026-03-03 17:45:57,423 - INFO - Попытка подключения к localhost...
2026-03-03 17:45:57,425 - INFO - ✅ Подключение успешно (PyMySQL)
2026-03-03 17:45:57,428 - INFO - Попытка подключения к localhost...
2026-03-03 17:45:57,429 - INFO - ✅ Подключение успешно (PyMySQL)
2026-03-03 17:47:27,318 - INFO - Приложение завершено: 0
2026-03-03 17:47:32,373 - INFO - === Запуск приложения ===
2026-03-03 17:47:32,373 - INFO - Проверка подключения к базе данных...
2026-03-03 17:47:32,374 - INFO - Попытка подключения к localhost...
2026-03-03 17:47:32,380 - INFO - ✅ Подключение успешно (PyMySQL)
2026-03-03 17:47:32,380 - INFO - ✅ Подключение к БД успешно
2026-03-03 17:47:32,380 - INFO - Тестовое соединение закрыто
2026-03-03 17:47:32,380 - INFO - Инициализация QApplication...
2026-03-03 17:47:32,404 - INFO - Создание окна регистрации...
2026-03-03 17:47:32,742 - INFO - Запуск цикла событий...
2026-03-03 17:47:40,283 - INFO - Попытка подключения к localhost...
2026-03-03 17:47:40,307 - INFO - ✅ Подключение успешно (PyMySQL)
2026-03-03 17:47:40,312 - INFO - Попытка подключения к localhost...
2026-03-03 17:47:40,313 - INFO - ✅ Подключение успешно (PyMySQL)
2026-03-03 17:47:49,540 - INFO - Попытка подключения к localhost...
2026-03-03 17:47:49,541 - INFO - ✅ Подключение успешно (PyMySQL)
2026-03-03 17:47:49,545 - INFO - Попытка подключения к localhost...
2026-03-03 17:47:49,562 - INFO - ✅ Подключение успешно (PyMySQL)
2026-03-03 17:47:51,150 - INFO - Попытка подключения к localhost...
2026-03-03 17:47:51,163 - INFO - ✅ Подключение успешно (PyMySQL)
2026-03-03 17:48:49,975 - INFO - === Запуск приложения ===
2026-03-03 17:48:49,975 - INFO - Проверка подключения к базе данных...
2026-03-03 17:48:49,975 - INFO - Попытка подключения к localhost...
2026-03-03 17:48:49,981 - INFO - ✅ Подключение успешно (PyMySQL)
2026-03-03 17:48:49,981 - INFO - ✅ Подключение к БД успешно
2026-03-03 17:48:49,981 - INFO - Тестовое соединение закрыто
2026-03-03 17:48:49,981 - INFO - Инициализация QApplication...
2026-03-03 17:48:50,000 - INFO - Создание окна регистрации...
2026-03-03 17:48:50,319 - INFO - Запуск цикла событий...
2026-03-03 17:49:01,106 - INFO - Попытка подключения к localhost...
2026-03-03 17:49:01,123 - INFO - ✅ Подключение успешно (PyMySQL)
2026-03-03 17:49:01,141 - INFO - Попытка подключения к localhost...
2026-03-03 17:49:01,154 - INFO - ✅ Подключение успешно (PyMySQL)
2026-03-03 17:50:19,380 - INFO - === Запуск приложения ===
2026-03-03 17:50:19,380 - INFO - Проверка подключения к базе данных...
2026-03-03 17:50:19,380 - INFO - Попытка подключения к localhost...
2026-03-03 17:50:19,386 - INFO - ✅ Подключение успешно (PyMySQL)
2026-03-03 17:50:19,386 - INFO - ✅ Подключение к БД успешно
2026-03-03 17:50:19,386 - INFO - Тестовое соединение закрыто
2026-03-03 17:50:19,386 - INFO - Инициализация QApplication...
2026-03-03 17:50:19,404 - INFO - Создание окна регистрации...
2026-03-03 17:50:19,787 - INFO - Запуск цикла событий...
2026-03-03 17:50:35,609 - INFO - Попытка подключения к localhost...
2026-03-03 17:50:35,611 - INFO - ✅ Подключение успешно (PyMySQL)
2026-03-03 17:50:41,412 - INFO - Попытка подключения к localhost...
2026-03-03 17:50:41,413 - INFO - ✅ Подключение успешно (PyMySQL)
2026-03-03 17:50:41,432 - INFO - Попытка подключения к localhost...
2026-03-03 17:50:41,433 - INFO - ✅ Подключение успешно (PyMySQL)
2026-03-03 17:51:00,286 - INFO - Приложение завершено: 0
2026-03-03 17:53:25,276 - INFO - === Запуск приложения ===
2026-03-03 17:53:25,276 - INFO - Проверка подключения к базе данных...
2026-03-03 17:53:25,276 - INFO - Попытка подключения к localhost...
2026-03-03 17:53:25,282 - INFO - ✅ Подключение успешно (PyMySQL)
2026-03-03 17:53:25,282 - INFO - ✅ Подключение к БД успешно
2026-03-03 17:53:25,282 - INFO - Тестовое соединение закрыто
2026-03-03 17:53:25,282 - INFO - Инициализация QApplication...
2026-03-03 17:53:25,301 - INFO - Создание окна регистрации...
2026-03-03 17:53:25,626 - INFO - Запуск цикла событий...
2026-03-03 17:53:32,722 - INFO - Попытка подключения к localhost...
2026-03-03 17:53:32,746 - INFO - ✅ Подключение успешно (PyMySQL)
2026-03-03 17:53:32,764 - INFO - Попытка подключения к localhost...
2026-03-03 17:53:32,766 - INFO - ✅ Подключение успешно (PyMySQL)
2026-03-03 17:54:58,064 - INFO - === Запуск приложения ===
2026-03-03 17:54:58,064 - INFO - Проверка подключения к базе данных...
2026-03-03 17:54:58,064 - INFO - Попытка подключения к localhost...
2026-03-03 17:54:58,070 - INFO - ✅ Подключение успешно (PyMySQL)
2026-03-03 17:54:58,070 - INFO - ✅ Подключение к БД успешно
2026-03-03 17:54:58,070 - INFO - Тестовое соединение закрыто
2026-03-03 17:54:58,071 - INFO - Инициализация QApplication...
2026-03-03 17:54:58,089 - INFO - Создание окна регистрации...
2026-03-03 17:54:58,413 - INFO - Запуск цикла событий...
2026-03-03 17:55:05,669 - INFO - Попытка подключения к localhost...
2026-03-03 17:55:05,671 - INFO - ✅ Подключение успешно (PyMySQL)
2026-03-03 17:55:05,688 - INFO - Попытка подключения к localhost...
2026-03-03 17:55:05,690 - INFO - ✅ Подключение успешно (PyMySQL)
2026-03-03 17:55:58,827 - INFO - === Запуск приложения ===
2026-03-03 17:55:58,828 - INFO - Проверка подключения к базе данных...
2026-03-03 17:55:58,828 - INFO - Попытка подключения к localhost...
2026-03-03 17:55:58,834 - INFO - ✅ Подключение успешно (PyMySQL)
2026-03-03 17:55:58,834 - INFO - ✅ Подключение к БД успешно
2026-03-03 17:55:58,834 - INFO - Тестовое соединение закрыто
2026-03-03 17:55:58,834 - INFO - Инициализация QApplication...
2026-03-03 17:55:58,853 - INFO - Создание окна регистрации...
2026-03-03 17:55:59,186 - INFO - Запуск цикла событий...
2026-03-03 17:56:06,856 - INFO - Попытка подключения к localhost...
2026-03-03 17:56:06,857 - INFO - ✅ Подключение успешно (PyMySQL)
2026-03-03 17:56:06,874 - INFO - Попытка подключения к localhost...
2026-03-03 17:56:06,875 - INFO - ✅ Подключение успешно (PyMySQL)
2026-03-03 17:58:49,281 - INFO - === Запуск приложения ===
2026-03-03 17:58:49,282 - INFO - Проверка подключения к базе данных...
2026-03-03 17:58:49,282 - INFO - Попытка подключения к localhost...
2026-03-03 17:58:49,288 - INFO - ✅ Подключение успешно (PyMySQL)
2026-03-03 17:58:49,288 - INFO - ✅ Подключение к БД успешно
2026-03-03 17:58:49,288 - INFO - Тестовое соединение закрыто
2026-03-03 17:58:49,288 - INFO - Инициализация QApplication...
2026-03-03 17:58:49,306 - INFO - Создание окна регистрации...
2026-03-03 17:58:49,647 - INFO - Запуск цикла событий...
2026-03-03 17:59:03,678 - INFO - Попытка подключения к localhost...
2026-03-03 17:59:03,704 - INFO - ✅ Подключение успешно (PyMySQL)
2026-03-03 17:59:03,722 - INFO - Попытка подключения к localhost...
2026-03-03 17:59:03,736 - INFO - ✅ Подключение успешно (PyMySQL)
2026-03-03 18:00:51,543 - INFO - === Запуск приложения ===
2026-03-03 18:00:51,543 - INFO - Проверка подключения к базе данных...
2026-03-03 18:00:51,543 - INFO - Попытка подключения к localhost...
2026-03-03 18:00:51,550 - INFO - ✅ Подключение успешно (PyMySQL)
2026-03-03 18:00:51,550 - INFO - ✅ Подключение к БД успешно
2026-03-03 18:00:51,550 - INFO - Тестовое соединение закрыто
2026-03-03 18:00:51,550 - INFO - Инициализация QApplication...
2026-03-03 18:00:51,571 - INFO - Создание окна регистрации...
2026-03-03 18:00:51,901 - INFO - Запуск цикла событий...
2026-03-03 18:00:58,743 - INFO - Попытка подключения к localhost...
2026-03-03 18:00:58,768 - INFO - ✅ Подключение успешно (PyMySQL)
2026-03-03 18:00:58,786 - INFO - Попытка подключения к localhost...
2026-03-03 18:00:58,788 - INFO - ✅ Подключение успешно (PyMySQL)
2026-03-03 18:02:11,963 - INFO - === Запуск приложения ===
2026-03-03 18:02:11,963 - INFO - Проверка подключения к базе данных...
2026-03-03 18:02:11,963 - INFO - Попытка подключения к localhost...
2026-03-03 18:02:11,970 - INFO - ✅ Подключение успешно (PyMySQL)
2026-03-03 18:02:11,970 - INFO - ✅ Подключение к БД успешно
2026-03-03 18:02:11,970 - INFO - Тестовое соединение закрыто
2026-03-03 18:02:11,970 - INFO - Инициализация QApplication...
2026-03-03 18:02:11,991 - INFO - Создание окна регистрации...
2026-03-03 18:02:12,333 - INFO - Запуск цикла событий...
2026-03-03 18:02:21,198 - INFO - Попытка подключения к localhost...
2026-03-03 18:02:21,199 - INFO - ✅ Подключение успешно (PyMySQL)
2026-03-03 18:02:21,216 - INFO - Попытка подключения к localhost...
2026-03-03 18:02:21,217 - INFO - ✅ Подключение успешно (PyMySQL)
2026-03-03 18:02:22,485 - INFO - Попытка подключения к localhost...
2026-03-03 18:02:22,504 - INFO - ✅ Подключение успешно (PyMySQL)
2026-03-03 18:02:27,130 - INFO - Попытка подключения к localhost...
2026-03-03 18:02:27,154 - INFO - ✅ Подключение успешно (PyMySQL)
2026-03-03 18:02:27,168 - INFO - Попытка подключения к localhost...
2026-03-03 18:02:27,169 - INFO - ✅ Подключение успешно (PyMySQL)
2026-03-03 18:02:34,616 - INFO - Попытка подключения к localhost...
2026-03-03 18:02:34,635 - INFO - ✅ Подключение успешно (PyMySQL)
2026-03-03 18:02:39,729 - INFO - Попытка подключения к localhost...
2026-03-03 18:02:39,755 - INFO - ✅ Подключение успешно (PyMySQL)
2026-03-03 18:02:39,772 - INFO - Попытка подключения к localhost...
2026-03-03 18:02:39,787 - INFO - ✅ Подключение успешно (PyMySQL)
2026-03-03 18:02:42,137 - INFO - Приложение завершено: 0
2026-03-03 18:05:33,583 - INFO - === Запуск приложения ===
2026-03-03 18:05:33,583 - INFO - Проверка подключения к базе данных...
2026-03-03 18:05:33,583 - INFO - Попытка подключения к localhost...
2026-03-03 18:05:33,589 - INFO - ✅ Подключение успешно (PyMySQL)
2026-03-03 18:05:33,589 - INFO - ✅ Подключение к БД успешно
2026-03-03 18:05:33,589 - INFO - Тестовое соединение закрыто
2026-03-03 18:05:33,589 - INFO - Инициализация QApplication...
2026-03-03 18:05:33,608 - INFO - Создание окна регистрации...
2026-03-03 18:05:33,930 - INFO - Запуск цикла событий...
2026-03-03 18:05:41,989 - INFO - Попытка подключения к localhost...
2026-03-03 18:05:42,007 - INFO - ✅ Подключение успешно (PyMySQL)
2026-03-03 18:05:42,025 - INFO - Попытка подключения к localhost...
2026-03-03 18:05:42,026 - INFO - ✅ Подключение успешно (PyMySQL)
2026-03-03 18:05:43,068 - INFO - Попытка подключения к localhost...
2026-03-03 18:05:43,070 - INFO - ✅ Подключение успешно (PyMySQL)
2026-03-03 18:08:28,950 - INFO - === Запуск приложения ===
2026-03-03 18:08:28,950 - INFO - Проверка подключения к базе данных...
2026-03-03 18:08:28,950 - INFO - Попытка подключения к localhost...
2026-03-03 18:08:28,957 - INFO - ✅ Подключение успешно (PyMySQL)
2026-03-03 18:08:28,957 - INFO - ✅ Подключение к БД успешно
2026-03-03 18:08:28,957 - INFO - Тестовое соединение закрыто
2026-03-03 18:08:28,957 - INFO - Инициализация QApplication...
2026-03-03 18:08:28,976 - INFO - Создание окна регистрации...
2026-03-03 18:08:29,318 - INFO - Запуск цикла событий...
2026-03-03 18:08:46,031 - INFO - Попытка подключения к localhost...
2026-03-03 18:08:46,049 - INFO - ✅ Подключение успешно (PyMySQL)
2026-03-03 18:08:51,870 - INFO - Попытка подключения к localhost...
2026-03-03 18:08:51,888 - INFO - ✅ Подключение успешно (PyMySQL)
2026-03-03 18:08:51,892 - INFO - Попытка подключения к localhost...
2026-03-03 18:08:51,893 - INFO - ✅ Подключение успешно (PyMySQL)
2026-03-03 18:09:06,102 - INFO - Попытка подключения к localhost...
2026-03-03 18:09:06,103 - INFO - ✅ Подключение успешно (PyMySQL)
2026-03-03 18:09:06,108 - INFO - Попытка подключения к localhost...
2026-03-03 18:09:06,109 - INFO - ✅ Подключение успешно (PyMySQL)
2026-03-03 18:09:08,070 - INFO - Попытка подключения к localhost...
2026-03-03 18:09:08,085 - INFO - ✅ Подключение успешно (PyMySQL)
2026-03-03 18:09:11,077 - INFO - Приложение завершено: 0
2026-03-03 18:10:48,441 - INFO - === Запуск приложения ===
2026-03-03 18:10:48,442 - INFO - Проверка подключения к базе данных...
2026-03-03 18:10:48,442 - INFO - Попытка подключения к localhost...
2026-03-03 18:10:48,448 - INFO - ✅ Подключение успешно (PyMySQL)
2026-03-03 18:10:48,448 - INFO - ✅ Подключение к БД успешно
2026-03-03 18:10:48,448 - INFO - Тестовое соединение закрыто
2026-03-03 18:10:48,448 - INFO - Инициализация QApplication...
2026-03-03 18:10:48,466 - INFO - Создание окна регистрации...
2026-03-03 18:10:48,792 - INFO - Запуск цикла событий...
2026-03-03 18:10:57,288 - INFO - Попытка подключения к localhost...
2026-03-03 18:10:57,290 - INFO - ✅ Подключение успешно (PyMySQL)
2026-03-03 18:10:57,294 - INFO - Попытка подключения к localhost...
2026-03-03 18:10:57,295 - INFO - ✅ Подключение успешно (PyMySQL)
2026-03-03 18:13:58,215 - INFO - === Запуск приложения ===
2026-03-03 18:13:58,215 - INFO - Проверка подключения к базе данных...
2026-03-03 18:13:58,215 - INFO - Попытка подключения к localhost...
2026-03-03 18:13:58,222 - INFO - ✅ Подключение успешно (PyMySQL)
2026-03-03 18:13:58,222 - INFO - ✅ Подключение к БД успешно
2026-03-03 18:13:58,222 - INFO - Тестовое соединение закрыто
2026-03-03 18:13:58,222 - INFO - Инициализация QApplication...
2026-03-03 18:13:58,245 - INFO - Создание окна регистрации...
2026-03-03 18:13:58,581 - INFO - Запуск цикла событий...
2026-03-03 18:14:07,127 - INFO - Попытка подключения к localhost...
2026-03-03 18:14:07,128 - INFO - ✅ Подключение успешно (PyMySQL)
2026-03-03 18:15:37,143 - INFO - === Запуск приложения ===
2026-03-03 18:15:37,143 - INFO - Проверка подключения к базе данных...
2026-03-03 18:15:37,143 - INFO - Попытка подключения к localhost...
2026-03-03 18:15:37,149 - INFO - ✅ Подключение успешно (PyMySQL)
2026-03-03 18:15:37,149 - INFO - ✅ Подключение к БД успешно
2026-03-03 18:15:37,150 - INFO - Тестовое соединение закрыто
2026-03-03 18:15:37,150 - INFO - Инициализация QApplication...
2026-03-03 18:15:37,172 - INFO - Создание окна регистрации...
2026-03-03 18:15:37,512 - INFO - Запуск цикла событий...
2026-03-03 18:15:46,672 - INFO - Попытка подключения к localhost...
2026-03-03 18:15:46,674 - INFO - ✅ Подключение успешно (PyMySQL)
2026-03-03 18:15:46,678 - INFO - Попытка подключения к localhost...
2026-03-03 18:15:46,679 - INFO - ✅ Подключение успешно (PyMySQL)
2026-03-03 18:15:47,790 - INFO - Попытка подключения к localhost...
2026-03-03 18:15:47,792 - INFO - ✅ Подключение успешно (PyMySQL)
2026-03-03 18:15:52,827 - INFO - Попытка подключения к localhost...
2026-03-03 18:15:52,828 - INFO - ✅ Подключение успешно (PyMySQL)
2026-03-03 18:19:03,118 - INFO - === Запуск приложения ===
2026-03-03 18:19:03,118 - INFO - Проверка подключения к базе данных...
2026-03-03 18:19:03,118 - INFO - Попытка подключения к localhost...
2026-03-03 18:19:03,124 - INFO - ✅ Подключение успешно (PyMySQL)
2026-03-03 18:19:03,124 - INFO - ✅ Подключение к БД успешно
2026-03-03 18:19:03,125 - INFO - Тестовое соединение закрыто
2026-03-03 18:19:03,125 - INFO - Инициализация QApplication...
2026-03-03 18:19:03,147 - INFO - Создание окна регистрации...
2026-03-03 18:19:03,485 - INFO - Запуск цикла событий...
2026-03-03 18:19:10,359 - INFO - Попытка подключения к localhost...
2026-03-03 18:19:10,376 - INFO - ✅ Подключение успешно (PyMySQL)
2026-03-03 18:19:10,379 - INFO - Попытка подключения к localhost...
2026-03-03 18:19:10,392 - INFO - ✅ Подключение успешно (PyMySQL)
2026-03-03 18:19:11,317 - INFO - Попытка подключения к localhost...
2026-03-03 18:19:11,318 - INFO - ✅ Подключение успешно (PyMySQL)
2026-03-03 18:19:13,408 - INFO - Попытка подключения к localhost...
2026-03-03 18:19:13,409 - INFO - ✅ Подключение успешно (PyMySQL)
2026-03-03 18:20:16,696 - INFO - === Запуск приложения ===
2026-03-03 18:20:16,696 - INFO - Проверка подключения к базе данных...
2026-03-03 18:20:16,696 - INFO - Попытка подключения к localhost...
2026-03-03 18:20:16,703 - INFO - ✅ Подключение успешно (PyMySQL)
2026-03-03 18:20:16,703 - INFO - ✅ Подключение к БД успешно
2026-03-03 18:20:16,703 - INFO - Тестовое соединение закрыто
2026-03-03 18:20:16,703 - INFO - Инициализация QApplication...
2026-03-03 18:20:16,724 - INFO - Создание окна регистрации...
2026-03-03 18:20:17,088 - INFO - Запуск цикла событий...
2026-03-03 18:20:26,170 - INFO - Попытка подключения к localhost...
2026-03-03 18:20:26,193 - INFO - ✅ Подключение успешно (PyMySQL)
2026-03-03 18:20:26,195 - INFO - Попытка подключения к localhost...
2026-03-03 18:20:26,208 - INFO - ✅ Подключение успешно (PyMySQL)
2026-03-03 18:20:27,285 - INFO - Попытка подключения к localhost...
2026-03-03 18:20:27,286 - INFO - ✅ Подключение успешно (PyMySQL)
2026-03-03 18:20:28,973 - INFO - Попытка подключения к localhost...
2026-03-03 18:20:28,995 - INFO - ✅ Подключение успешно (PyMySQL)
2026-03-03 18:20:28,996 - INFO - Попытка подключения к localhost...
2026-03-03 18:20:28,997 - INFO - ✅ Подключение успешно (PyMySQL)
2026-03-03 18:20:28,997 - INFO - Попытка подключения к localhost...
2026-03-03 18:20:29,010 - INFO - ✅ Подключение успешно (PyMySQL)
2026-03-03 18:20:29,025 - INFO - Попытка подключения к localhost...
2026-03-03 18:20:29,043 - INFO - ✅ Подключение успешно (PyMySQL)
2026-03-03 18:20:52,074 - INFO - Попытка подключения к localhost...
2026-03-03 18:20:52,076 - INFO - ✅ Подключение успешно (PyMySQL)
2026-03-03 18:20:52,080 - INFO - Попытка подключения к localhost...
2026-03-03 18:20:52,081 - INFO - ✅ Подключение успешно (PyMySQL)
2026-03-03 18:20:53,593 - INFO - Попытка подключения к localhost...
2026-03-03 18:20:53,605 - INFO - ✅ Подключение успешно (PyMySQL)
2026-03-03 18:20:55,414 - INFO - Попытка подключения к localhost...
2026-03-03 18:20:55,433 - INFO - ✅ Подключение успешно (PyMySQL)
2026-03-03 18:20:55,451 - INFO - Попытка подключения к localhost...
2026-03-03 18:20:55,452 - INFO - ✅ Подключение успешно (PyMySQL)
2026-03-03 18:20:59,318 - INFO - Приложение завершено: 0
2026-03-03 18:21:32,333 - INFO - === Запуск приложения ===
2026-03-03 18:21:32,334 - INFO - Проверка подключения к базе данных...
2026-03-03 18:21:32,334 - INFO - Попытка подключения к localhost...
2026-03-03 18:21:32,340 - INFO - ✅ Подключение успешно (PyMySQL)
2026-03-03 18:21:32,340 - INFO - ✅ Подключение к БД успешно
2026-03-03 18:21:32,340 - INFO - Тестовое соединение закрыто
2026-03-03 18:21:32,340 - INFO - Инициализация QApplication...
2026-03-03 18:21:32,359 - INFO - Создание окна регистрации...
2026-03-03 18:21:32,681 - INFO - Запуск цикла событий...
2026-03-03 18:22:36,219 - INFO - Попытка подключения к localhost...
2026-03-03 18:22:36,244 - INFO - ✅ Подключение успешно (PyMySQL)
2026-03-03 18:22:36,260 - INFO - Попытка подключения к localhost...
2026-03-03 18:22:36,275 - INFO - ✅ Подключение успешно (PyMySQL)
2026-03-03 18:22:37,733 - INFO - Попытка подключения к localhost...
2026-03-03 18:22:37,735 - INFO - ✅ Подключение успешно (PyMySQL)
2026-03-03 18:22:53,842 - INFO - Приложение завершено: 0
2026-03-03 18:25:19,162 - INFO - === Запуск приложения ===
2026-03-03 18:25:19,162 - INFO - Проверка подключения к базе данных...
2026-03-03 18:25:19,162 - INFO - Попытка подключения к localhost...
2026-03-03 18:25:19,169 - INFO - ✅ Подключение успешно (PyMySQL)
2026-03-03 18:25:19,169 - INFO - ✅ Подключение к БД успешно
2026-03-03 18:25:19,169 - INFO - Тестовое соединение закрыто
2026-03-03 18:25:19,169 - INFO - Инициализация QApplication...
2026-03-03 18:25:19,190 - INFO - Создание окна регистрации...
2026-03-03 18:25:19,521 - INFO - Запуск цикла событий...
2026-03-03 18:25:27,911 - INFO - Попытка подключения к localhost...
2026-03-03 18:25:27,913 - INFO - ✅ Подключение успешно (PyMySQL)
2026-03-03 18:25:27,930 - INFO - Попытка подключения к localhost...
2026-03-03 18:25:27,931 - INFO - ✅ Подключение успешно (PyMySQL)
2026-03-03 18:25:29,783 - INFO - Попытка подключения к localhost...
2026-03-03 18:25:29,785 - INFO - ✅ Подключение успешно (PyMySQL)
2026-03-03 18:25:40,465 - INFO - Приложение завершено: 0
2026-03-03 18:26:53,203 - INFO - === Запуск приложения ===
2026-03-03 18:26:53,203 - INFO - Проверка подключения к базе данных...
2026-03-03 18:26:53,203 - INFO - Попытка подключения к localhost...
2026-03-03 18:26:53,210 - INFO - ✅ Подключение успешно (PyMySQL)
2026-03-03 18:26:53,210 - INFO - ✅ Подключение к БД успешно
2026-03-03 18:26:53,210 - INFO - Тестовое соединение закрыто
2026-03-03 18:26:53,210 - INFO - Инициализация QApplication...
2026-03-03 18:26:53,232 - INFO - Создание окна регистрации...
2026-03-03 18:26:53,566 - INFO - Запуск цикла событий...
2026-03-03 18:27:00,524 - INFO - Попытка подключения к localhost...
2026-03-03 18:27:00,547 - INFO - ✅ Подключение успешно (PyMySQL)
2026-03-03 18:27:00,563 - INFO - Попытка подключения к localhost...
2026-03-03 18:27:00,578 - INFO - ✅ Подключение успешно (PyMySQL)
2026-03-03 18:27:21,835 - INFO - Попытка подключения к localhost...
2026-03-03 18:27:21,837 - INFO - ✅ Подключение успешно (PyMySQL)
2026-03-03 18:27:47,630 - INFO - === Запуск приложения ===
2026-03-03 18:27:47,630 - INFO - Проверка подключения к базе данных...
2026-03-03 18:27:47,630 - INFO - Попытка подключения к localhost...
2026-03-03 18:27:47,636 - INFO - ✅ Подключение успешно (PyMySQL)
2026-03-03 18:27:47,636 - INFO - ✅ Подключение к БД успешно
2026-03-03 18:27:47,636 - INFO - Тестовое соединение закрыто
2026-03-03 18:27:47,636 - INFO - Инициализация QApplication...
2026-03-03 18:27:47,658 - INFO - Создание окна регистрации...
2026-03-03 18:27:47,976 - INFO - Запуск цикла событий...
2026-03-03 18:27:54,063 - INFO - Попытка подключения к localhost...
2026-03-03 18:27:54,089 - INFO - ✅ Подключение успешно (PyMySQL)
2026-03-03 18:27:54,106 - INFO - Попытка подключения к localhost...
2026-03-03 18:27:54,120 - INFO - ✅ Подключение успешно (PyMySQL)
2026-03-03 18:28:13,470 - INFO - Попытка подключения к localhost...
2026-03-03 18:28:13,496 - INFO - ✅ Подключение успешно (PyMySQL)
2026-03-03 18:28:13,496 - INFO - Попытка подключения к localhost...
2026-03-03 18:28:13,511 - INFO - ✅ Подключение успешно (PyMySQL)
2026-03-03 18:28:13,513 - INFO - Попытка подключения к localhost...
2026-03-03 18:28:13,514 - INFO - ✅ Подключение успешно (PyMySQL)
2026-03-03 18:28:14,444 - INFO - Попытка подключения к localhost...
2026-03-03 18:28:14,446 - INFO - ✅ Подключение успешно (PyMySQL)
2026-03-03 18:28:15,904 - INFO - Попытка подключения к localhost...
2026-03-03 18:28:15,926 - INFO - ✅ Подключение успешно (PyMySQL)
2026-03-03 18:28:34,526 - INFO - Приложение завершено: 0
2026-03-03 18:30:26,677 - INFO - === Запуск приложения ===
2026-03-03 18:30:26,677 - INFO - Проверка подключения к базе данных...
2026-03-03 18:30:26,677 - INFO - Попытка подключения к localhost...
2026-03-03 18:30:26,683 - INFO - ✅ Подключение успешно (PyMySQL)
2026-03-03 18:30:26,683 - INFO - ✅ Подключение к БД успешно
2026-03-03 18:30:26,683 - INFO - Тестовое соединение закрыто
2026-03-03 18:30:26,683 - INFO - Инициализация QApplication...
2026-03-03 18:30:26,705 - INFO - Создание окна регистрации...
2026-03-03 18:30:27,025 - INFO - Запуск цикла событий...
2026-03-03 18:30:35,796 - INFO - Попытка подключения к localhost...
2026-03-03 18:30:35,798 - INFO - ✅ Подключение успешно (PyMySQL)
2026-03-03 18:30:35,814 - INFO - Попытка подключения к localhost...
2026-03-03 18:30:35,837 - INFO - ✅ Подключение успешно (PyMySQL)
2026-03-03 18:30:36,891 - INFO - Попытка подключения к localhost...
2026-03-03 18:30:36,893 - INFO - ✅ Подключение успешно (PyMySQL)
2026-03-03 18:30:50,966 - INFO - Приложение завершено: 0
2026-03-03 18:31:01,983 - INFO - === Запуск приложения ===
2026-03-03 18:31:01,983 - INFO - Проверка подключения к базе данных...
2026-03-03 18:31:01,983 - INFO - Попытка подключения к localhost...
2026-03-03 18:31:01,989 - INFO - ✅ Подключение успешно (PyMySQL)
2026-03-03 18:31:01,989 - INFO - ✅ Подключение к БД успешно
2026-03-03 18:31:01,989 - INFO - Тестовое соединение закрыто
2026-03-03 18:31:01,989 - INFO - Инициализация QApplication...
2026-03-03 18:31:02,007 - INFO - Создание окна регистрации...
2026-03-03 18:31:02,324 - INFO - Запуск цикла событий...
2026-03-03 18:31:08,439 - INFO - Попытка подключения к localhost...
2026-03-03 18:31:08,453 - INFO - ✅ Подключение успешно (PyMySQL)
2026-03-03 18:31:08,469 - INFO - Попытка подключения к localhost...
2026-03-03 18:31:08,485 - INFO - ✅ Подключение успешно (PyMySQL)
2026-03-03 18:31:09,426 - INFO - Попытка подключения к localhost...
2026-03-03 18:31:09,448 - INFO - ✅ Подключение успешно (PyMySQL)
2026-03-03 18:31:36,841 - INFO - Попытка подключения к localhost...
2026-03-03 18:31:36,855 - INFO - ✅ Подключение успешно (PyMySQL)
2026-03-03 18:31:36,855 - INFO - Попытка подключения к localhost...
2026-03-03 18:31:36,870 - INFO - ✅ Подключение успешно (PyMySQL)
2026-03-03 18:34:19,001 - INFO - === Запуск приложения ===
2026-03-03 18:34:19,001 - INFO - Проверка подключения к базе данных...
2026-03-03 18:34:19,001 - INFO - Попытка подключения к localhost...
2026-03-03 18:34:19,007 - INFO - ✅ Подключение успешно (PyMySQL)
2026-03-03 18:34:19,007 - INFO - ✅ Подключение к БД успешно
2026-03-03 18:34:19,007 - INFO - Тестовое соединение закрыто
2026-03-03 18:34:19,007 - INFO - Инициализация QApplication...
2026-03-03 18:34:19,026 - INFO - Создание окна регистрации...
2026-03-03 18:34:19,353 - INFO - Запуск цикла событий...
2026-03-03 18:34:25,260 - INFO - Попытка подключения к localhost...
2026-03-03 18:34:25,262 - INFO - ✅ Подключение успешно (PyMySQL)
2026-03-03 18:34:25,278 - INFO - Попытка подключения к localhost...
2026-03-03 18:34:25,301 - INFO - ✅ Подключение успешно (PyMySQL)
2026-03-03 18:34:26,406 - INFO - Попытка подключения к localhost...
2026-03-03 18:34:26,408 - INFO - ✅ Подключение успешно (PyMySQL)
2026-03-03 18:34:26,408 - INFO - Попытка подключения к localhost...
2026-03-03 18:34:26,421 - INFO - ✅ Подключение успешно (PyMySQL)
2026-03-03 18:34:26,421 - INFO - Попытка подключения к localhost...
2026-03-03 18:34:26,422 - INFO - ✅ Подключение успешно (PyMySQL)
2026-03-03 18:34:30,771 - INFO - Попытка подключения к localhost...
2026-03-03 18:34:30,773 - INFO - ✅ Подключение успешно (PyMySQL)
2026-03-03 18:34:30,773 - INFO - Попытка подключения к localhost...
2026-03-03 18:34:30,774 - INFO - ✅ Подключение успешно (PyMySQL)
2026-03-03 18:34:30,775 - INFO - Попытка подключения к localhost...
2026-03-03 18:34:30,776 - INFO - ✅ Подключение успешно (PyMySQL)
2026-03-03 18:34:31,908 - INFO - Попытка подключения к localhost...
2026-03-03 18:34:31,909 - INFO - ✅ Подключение успешно (PyMySQL)
2026-03-03 18:34:33,295 - INFO - Попытка подключения к localhost...
2026-03-03 18:34:33,296 - INFO - ✅ Подключение успешно (PyMySQL)
2026-03-03 18:34:33,297 - INFO - Попытка подключения к localhost...
2026-03-03 18:34:33,309 - INFO - ✅ Подключение успешно (PyMySQL)
2026-03-03 18:34:33,309 - INFO - Попытка подключения к localhost...
2026-03-03 18:34:33,324 - INFO - ✅ Подключение успешно (PyMySQL)
2026-03-03 18:34:44,258 - INFO - Попытка подключения к localhost...
2026-03-03 18:34:44,260 - INFO - ✅ Подключение успешно (PyMySQL)
2026-03-03 18:34:44,261 - INFO - Попытка подключения к localhost...
2026-03-03 18:34:44,262 - INFO - ✅ Подключение успешно (PyMySQL)
2026-03-03 18:34:45,495 - INFO - Попытка подключения к localhost...
2026-03-03 18:34:45,497 - INFO - ✅ Подключение успешно (PyMySQL)
2026-03-03 18:34:47,665 - INFO - Попытка подключения к localhost...
2026-03-03 18:34:47,666 - INFO - ✅ Подключение успешно (PyMySQL)
2026-03-03 18:34:47,667 - INFO - Попытка подключения к localhost...
2026-03-03 18:34:47,679 - INFO - ✅ Подключение успешно (PyMySQL)
2026-03-03 18:34:47,679 - INFO - Попытка подключения к localhost...
2026-03-03 18:34:47,694 - INFO - ✅ Подключение успешно (PyMySQL)
2026-03-03 18:34:47,694 - INFO - Попытка подключения к localhost...
2026-03-03 18:34:47,709 - INFO - ✅ Подключение успешно (PyMySQL)
2026-03-03 18:34:59,516 - INFO - Попытка подключения к localhost...
2026-03-03 18:34:59,518 - INFO - ✅ Подключение успешно (PyMySQL)
2026-03-03 18:34:59,522 - INFO - Попытка подключения к localhost...
2026-03-03 18:34:59,523 - INFO - ✅ Подключение успешно (PyMySQL)
2026-03-03 18:35:00,466 - INFO - Попытка подключения к localhost...
2026-03-03 18:35:00,467 - INFO - ✅ Подключение успешно (PyMySQL)
2026-03-03 18:35:11,576 - INFO - Попытка подключения к localhost...
2026-03-03 18:35:11,577 - INFO - ✅ Подключение успешно (PyMySQL)
2026-03-03 18:35:20,720 - INFO - Приложение завершено: 0
2026-03-03 18:36:00,185 - INFO - === Запуск приложения ===
2026-03-03 18:36:00,185 - INFO - Проверка подключения к базе данных...
2026-03-03 18:36:00,185 - INFO - Попытка подключения к localhost...
2026-03-03 18:36:00,192 - INFO - ✅ Подключение успешно (PyMySQL)
2026-03-03 18:36:00,192 - INFO - ✅ Подключение к БД успешно
2026-03-03 18:36:00,192 - INFO - Тестовое соединение закрыто
2026-03-03 18:36:00,192 - INFO - Инициализация QApplication...
2026-03-03 18:36:00,216 - INFO - Создание окна регистрации...
2026-03-03 18:36:00,537 - INFO - Запуск цикла событий...
2026-03-03 18:36:09,385 - INFO - Попытка подключения к localhost...
2026-03-03 18:36:09,398 - INFO - ✅ Подключение успешно (PyMySQL)
2026-03-03 18:36:09,414 - INFO - Попытка подключения к localhost...
2026-03-03 18:36:09,430 - INFO - ✅ Подключение успешно (PyMySQL)
2026-03-03 18:36:11,148 - INFO - Попытка подключения к localhost...
2026-03-03 18:36:11,169 - INFO - ✅ Подключение успешно (PyMySQL)
2026-03-03 18:36:14,174 - INFO - Попытка подключения к localhost...
2026-03-03 18:36:14,191 - INFO - ✅ Подключение успешно (PyMySQL)
2026-03-03 18:36:20,900 - INFO - Попытка подключения к localhost...
2026-03-03 18:36:20,916 - INFO - ✅ Подключение успешно (PyMySQL)
2026-03-03 18:36:24,347 - INFO - Попытка подключения к localhost...
2026-03-03 18:36:24,348 - INFO - ✅ Подключение успешно (PyMySQL)
2026-03-03 18:36:29,313 - INFO - Попытка подключения к localhost...
2026-03-03 18:36:29,314 - INFO - ✅ Подключение успешно (PyMySQL)
2026-03-03 18:36:36,929 - INFO - Приложение завершено: 0
2026-03-03 18:38:57,014 - INFO - === Запуск приложения ===
2026-03-03 18:38:57,014 - INFO - Проверка подключения к базе данных...
2026-03-03 18:38:57,014 - INFO - Попытка подключения к localhost...
2026-03-03 18:38:57,020 - INFO - ✅ Подключение успешно (PyMySQL)
2026-03-03 18:38:57,020 - INFO - ✅ Подключение к БД успешно
2026-03-03 18:38:57,020 - INFO - Тестовое соединение закрыто
2026-03-03 18:38:57,020 - INFO - Инициализация QApplication...
2026-03-03 18:38:57,039 - INFO - Создание окна регистрации...
2026-03-03 18:38:57,354 - INFO - Запуск цикла событий...
2026-03-03 18:39:06,555 - INFO - Попытка подключения к localhost...
2026-03-03 18:39:06,567 - INFO - ✅ Подключение успешно (PyMySQL)
2026-03-03 18:39:11,419 - INFO - Попытка подключения к localhost...
2026-03-03 18:39:11,438 - INFO - ✅ Подключение успешно (PyMySQL)
2026-03-03 18:39:11,454 - INFO - Попытка подключения к localhost...
2026-03-03 18:39:11,468 - INFO - ✅ Подключение успешно (PyMySQL)
2026-03-03 18:39:13,269 - INFO - Попытка подключения к localhost...
2026-03-03 18:39:13,287 - INFO - ✅ Подключение успешно (PyMySQL)
2026-03-03 18:39:54,655 - INFO - Попытка подключения к localhost...
2026-03-03 18:39:54,656 - INFO - ✅ Подключение успешно (PyMySQL)
2026-03-03 18:39:54,660 - INFO - Попытка подключения к localhost...
2026-03-03 18:39:54,661 - INFO - ✅ Подключение успешно (PyMySQL)
2026-03-03 18:39:55,582 - INFO - Попытка подключения к localhost...
2026-03-03 18:39:55,601 - INFO - ✅ Подключение успешно (PyMySQL)
2026-03-03 18:39:57,121 - INFO - Попытка подключения к localhost...
2026-03-03 18:39:57,145 - INFO - ✅ Подключение успешно (PyMySQL)
2026-03-03 18:40:01,763 - INFO - Приложение завершено: 0
2026-03-03 18:41:26,127 - INFO - === Запуск приложения ===
2026-03-03 18:41:26,128 - INFO - Проверка подключения к базе данных...
2026-03-03 18:41:26,128 - INFO - Попытка подключения к localhost...
2026-03-03 18:41:26,134 - INFO - ✅ Подключение успешно (PyMySQL)
2026-03-03 18:41:26,134 - INFO - ✅ Подключение к БД успешно
2026-03-03 18:41:26,134 - INFO - Тестовое соединение закрыто
2026-03-03 18:41:26,134 - INFO - Инициализация QApplication...
2026-03-03 18:41:26,156 - INFO - Создание окна регистрации...
2026-03-03 18:41:26,521 - INFO - Запуск цикла событий...
2026-03-03 18:41:33,706 - INFO - Попытка подключения к localhost...
2026-03-03 18:41:33,708 - INFO - ✅ Подключение успешно (PyMySQL)
2026-03-03 18:41:33,723 - INFO - Попытка подключения к localhost...
2026-03-03 18:41:33,725 - INFO - ✅ Подключение успешно (PyMySQL)
2026-03-03 18:41:34,871 - INFO - Попытка подключения к localhost...
2026-03-03 18:41:34,873 - INFO - ✅ Подключение успешно (PyMySQL)
2026-03-03 18:41:42,743 - INFO - Попытка подключения к localhost...
2026-03-03 18:41:42,760 - INFO - ✅ Подключение успешно (PyMySQL)
2026-03-03 18:41:53,533 - INFO - Попытка подключения к localhost...
2026-03-03 18:41:53,535 - INFO - ✅ Подключение успешно (PyMySQL)
2026-03-03 18:41:58,219 - INFO - Приложение завершено: 0
2026-03-03 18:43:36,896 - INFO - === Запуск приложения ===
2026-03-03 18:43:36,896 - INFO - Проверка подключения к базе данных...
2026-03-03 18:43:36,896 - INFO - Попытка подключения к localhost...
2026-03-03 18:43:36,902 - INFO - ✅ Подключение успешно (PyMySQL)
2026-03-03 18:43:36,902 - INFO - ✅ Подключение к БД успешно
2026-03-03 18:43:36,903 - INFO - Тестовое соединение закрыто
2026-03-03 18:43:36,903 - INFO - Инициализация QApplication...
2026-03-03 18:43:36,925 - INFO - Создание окна регистрации...
2026-03-03 18:43:37,258 - INFO - Запуск цикла событий...
2026-03-03 18:43:44,035 - INFO - Попытка подключения к localhost...
2026-03-03 18:43:44,061 - INFO - ✅ Подключение успешно (PyMySQL)
2026-03-03 18:43:44,064 - INFO - Попытка подключения к localhost...
2026-03-03 18:43:44,077 - INFO - ✅ Подключение успешно (PyMySQL)
2026-03-03 18:43:44,904 - INFO - Попытка подключения к localhost...
2026-03-03 18:43:44,917 - INFO - ✅ Подключение успешно (PyMySQL)
2026-03-03 18:43:47,119 - INFO - Попытка подключения к localhost...
2026-03-03 18:43:47,138 - INFO - ✅ Подключение успешно (PyMySQL)
2026-03-03 18:43:47,139 - INFO - Попытка подключения к localhost...
2026-03-03 18:43:47,140 - INFO - ✅ Подключение успешно (PyMySQL)
2026-03-03 18:43:47,140 - INFO - Попытка подключения к localhost...
2026-03-03 18:43:47,154 - INFO - ✅ Подключение успешно (PyMySQL)
2026-03-03 18:43:47,154 - INFO - Попытка подключения к localhost...
2026-03-03 18:43:47,155 - INFO - ✅ Подключение успешно (PyMySQL)
2026-03-03 18:43:54,427 - INFO - Попытка подключения к localhost...
2026-03-03 18:43:54,438 - INFO - ✅ Подключение успешно (PyMySQL)
2026-03-03 18:43:54,442 - INFO - Попытка подключения к localhost...
2026-03-03 18:43:54,454 - INFO - ✅ Подключение успешно (PyMySQL)
2026-03-03 18:43:55,274 - INFO - Попытка подключения к localhost...
2026-03-03 18:43:55,276 - INFO - ✅ Подключение успешно (PyMySQL)
2026-03-03 18:44:06,234 - INFO - Попытка подключения к localhost...
2026-03-03 18:44:06,248 - INFO - ✅ Подключение успешно (PyMySQL)
2026-03-03 18:44:06,252 - INFO - Попытка подключения к localhost...
2026-03-03 18:44:06,263 - INFO - ✅ Подключение успешно (PyMySQL)
2026-03-03 18:44:07,033 - INFO - Попытка подключения к localhost...
2026-03-03 18:44:07,035 - INFO - ✅ Подключение успешно (PyMySQL)
2026-03-03 18:44:16,604 - INFO - Приложение завершено: 0
2026-03-03 18:46:31,756 - INFO - === Запуск приложения ===
2026-03-03 18:46:31,756 - INFO - Проверка подключения к базе данных...
2026-03-03 18:46:31,756 - INFO - Попытка подключения к localhost...
2026-03-03 18:46:31,762 - INFO - ✅ Подключение успешно (PyMySQL)
2026-03-03 18:46:31,762 - INFO - ✅ Подключение к БД успешно
2026-03-03 18:46:31,763 - INFO - Тестовое соединение закрыто
2026-03-03 18:46:31,763 - INFO - Инициализация QApplication...
2026-03-03 18:46:31,781 - INFO - Создание окна регистрации...
2026-03-03 18:46:32,116 - INFO - Запуск цикла событий...
2026-03-03 18:46:45,082 - INFO - Попытка подключения к localhost...
2026-03-03 18:46:45,105 - INFO - ✅ Подключение успешно (PyMySQL)
2026-03-03 18:46:45,106 - INFO - Роль 'Пользователь' найдена, ID: 1
2026-03-03 18:46:45,108 - INFO - Попытка подключения к localhost...
2026-03-03 18:46:45,109 - INFO - ✅ Подключение успешно (PyMySQL)
2026-03-03 18:46:45,128 - INFO - Попытка подключения к localhost...
2026-03-03 18:46:45,152 - INFO - ✅ Подключение успешно (PyMySQL)
2026-03-03 18:47:03,373 - INFO - Приложение завершено: 0
2026-03-03 18:55:25,658 - INFO - === Запуск приложения ===
2026-03-03 18:55:25,658 - INFO - Проверка подключения к базе данных...
2026-03-03 18:55:25,658 - INFO - Попытка подключения к localhost...
2026-03-03 18:55:25,664 - INFO - ✅ Подключение успешно (PyMySQL)
2026-03-03 18:55:25,664 - INFO - ✅ Подключение к БД успешно
2026-03-03 18:55:25,664 - INFO - Тестовое соединение закрыто
2026-03-03 18:55:25,664 - INFO - Инициализация QApplication...
2026-03-03 18:55:25,683 - INFO - Создание окна регистрации...
2026-03-03 18:55:25,967 - INFO - Запуск цикла событий...
2026-03-03 18:55:27,159 - INFO - Приложение завершено: 0
2026-03-03 18:56:02,961 - INFO - === Запуск приложения ===
2026-03-03 18:56:02,961 - INFO - Проверка подключения к базе данных...
2026-03-03 18:56:02,961 - INFO - Попытка подключения к localhost...
2026-03-03 18:56:02,967 - INFO - ✅ Подключение успешно (PyMySQL)
2026-03-03 18:56:02,967 - INFO - ✅ Подключение к БД успешно
2026-03-03 18:56:02,967 - INFO - Тестовое соединение закрыто
2026-03-03 18:56:02,967 - INFO - Инициализация QApplication...
2026-03-03 18:56:02,990 - INFO - Создание окна регистрации...
2026-03-03 18:56:03,313 - INFO - Запуск цикла событий...
2026-03-03 18:56:14,082 - INFO - Попытка подключения к localhost...
2026-03-03 18:56:14,105 - INFO - ✅ Подключение успешно (PyMySQL)
2026-03-03 18:56:14,122 - INFO - Попытка подключения к localhost...
2026-03-03 18:56:14,137 - INFO - ✅ Подключение успешно (PyMySQL)
2026-03-03 18:59:38,977 - INFO - === Запуск приложения ===
2026-03-03 18:59:38,977 - INFO - Проверка подключения к базе данных...
2026-03-03 18:59:38,977 - INFO - Попытка подключения к localhost...
2026-03-03 18:59:38,983 - INFO - ✅ Подключение успешно (PyMySQL)
2026-03-03 18:59:38,983 - INFO - ✅ Подключение к БД успешно
2026-03-03 18:59:38,983 - INFO - Тестовое соединение закрыто
2026-03-03 18:59:38,984 - INFO - Инициализация QApplication...
2026-03-03 18:59:39,006 - INFO - Создание окна регистрации...
2026-03-03 18:59:39,386 - INFO - Запуск цикла событий...
2026-03-03 18:59:47,295 - INFO - Попытка подключения к localhost...
2026-03-03 18:59:47,317 - INFO - ✅ Подключение успешно (PyMySQL)
2026-03-03 18:59:47,337 - INFO - Попытка подключения к localhost...
2026-03-03 18:59:47,349 - INFO - ✅ Подключение успешно (PyMySQL)
2026-03-03 19:00:22,462 - INFO - Попытка подключения к localhost...
2026-03-03 19:00:22,481 - INFO - ✅ Подключение успешно (PyMySQL)
2026-03-03 19:00:22,481 - INFO - Попытка подключения к localhost...
2026-03-03 19:00:22,496 - INFO - ✅ Подключение успешно (PyMySQL)
2026-03-03 19:00:22,497 - INFO - Попытка подключения к localhost...
2026-03-03 19:00:22,498 - INFO - ✅ Подключение успешно (PyMySQL)
2026-03-03 19:00:23,783 - INFO - Попытка подключения к localhost...
2026-03-03 19:00:23,785 - INFO - ✅ Подключение успешно (PyMySQL)
2026-03-03 19:02:22,079 - INFO - === Запуск приложения ===
2026-03-03 19:02:22,079 - INFO - Проверка подключения к базе данных...
2026-03-03 19:02:22,079 - INFO - Попытка подключения к localhost...
2026-03-03 19:02:22,086 - INFO - ✅ Подключение успешно (PyMySQL)
2026-03-03 19:02:22,086 - INFO - ✅ Подключение к БД успешно
2026-03-03 19:02:22,086 - INFO - Тестовое соединение закрыто
2026-03-03 19:02:22,086 - INFO - Инициализация QApplication...
2026-03-03 19:02:22,108 - INFO - Создание окна регистрации...
2026-03-03 19:02:22,441 - INFO - Запуск цикла событий...
2026-03-03 19:02:29,872 - INFO - Попытка подключения к localhost...
2026-03-03 19:02:29,883 - INFO - ✅ Подключение успешно (PyMySQL)
2026-03-03 19:02:29,903 - INFO - Попытка подключения к localhost...
2026-03-03 19:02:29,904 - INFO - ✅ Подключение успешно (PyMySQL)
2026-03-03 19:02:34,519 - INFO - Попытка подключения к localhost...
2026-03-03 19:02:34,520 - INFO - ✅ Подключение успешно (PyMySQL)
2026-03-03 19:02:38,734 - INFO - Попытка подключения к localhost...
2026-03-03 19:02:38,735 - INFO - ✅ Подключение успешно (PyMySQL)
2026-03-03 19:02:39,714 - INFO - Попытка подключения к localhost...
2026-03-03 19:02:39,715 - INFO - ✅ Подключение успешно (PyMySQL)
2026-03-03 19:02:44,948 - INFO - Попытка подключения к localhost...
2026-03-03 19:02:44,959 - INFO - ✅ Подключение успешно (PyMySQL)
2026-03-03 19:03:00,220 - INFO - Приложение завершено: 0
2026-03-03 19:05:29,632 - INFO - === Запуск приложения ===
2026-03-03 19:05:29,632 - INFO - Проверка подключения к базе данных...
2026-03-03 19:05:29,632 - INFO - Попытка подключения к localhost...
2026-03-03 19:05:29,638 - INFO - ✅ Подключение успешно (PyMySQL)
2026-03-03 19:05:29,638 - INFO - ✅ Подключение к БД успешно
2026-03-03 19:05:29,638 - INFO - Тестовое соединение закрыто
2026-03-03 19:05:29,638 - INFO - Инициализация QApplication...
2026-03-03 19:05:29,660 - INFO - Создание окна регистрации...
2026-03-03 19:05:29,980 - INFO - Запуск цикла событий...
2026-03-03 19:05:36,854 - INFO - Попытка подключения к localhost...
2026-03-03 19:05:36,873 - INFO - ✅ Подключение успешно (PyMySQL)
2026-03-03 19:05:36,890 - INFO - Попытка подключения к localhost...
2026-03-03 19:05:36,904 - INFO - ✅ Подключение успешно (PyMySQL)
2026-03-03 19:05:38,495 - INFO - Попытка подключения к localhost...
2026-03-03 19:05:38,497 - INFO - ✅ Подключение успешно (PyMySQL)
2026-03-03 19:05:49,955 - INFO - Попытка подключения к localhost...
2026-03-03 19:05:49,973 - INFO - ✅ Подключение успешно (PyMySQL)
2026-03-03 19:05:50,850 - INFO - Попытка подключения к localhost...
2026-03-03 19:05:50,852 - INFO - ✅ Подключение успешно (PyMySQL)
2026-03-03 19:05:57,149 - INFO - Попытка подключения к localhost...
2026-03-03 19:05:57,167 - INFO - ✅ Подключение успешно (PyMySQL)
2026-03-03 19:06:00,962 - INFO - Попытка подключения к localhost...
2026-03-03 19:06:00,977 - INFO - ✅ Подключение успешно (PyMySQL)
2026-03-03 19:06:04,574 - INFO - Попытка подключения к localhost...
2026-03-03 19:06:04,589 - INFO - ✅ Подключение успешно (PyMySQL)
2026-03-03 19:06:07,210 - INFO - Попытка подключения к localhost...
2026-03-03 19:06:07,223 - INFO - ✅ Подключение успешно (PyMySQL)
2026-03-03 19:06:08,163 - INFO - Попытка подключения к localhost...
2026-03-03 19:06:08,164 - INFO - ✅ Подключение успешно (PyMySQL)
2026-03-03 19:11:43,559 - INFO - Попытка подключения к localhost...
2026-03-03 19:11:43,569 - INFO - ✅ Подключение успешно (PyMySQL)
2026-03-03 19:11:58,445 - INFO - Попытка подключения к localhost...
2026-03-03 19:11:58,470 - INFO - ✅ Подключение успешно (PyMySQL)
2026-03-03 19:11:58,487 - INFO - Попытка подключения к localhost...
2026-03-03 19:11:58,502 - INFO - ✅ Подключение успешно (PyMySQL)
2026-03-03 19:24:02,538 - INFO - === Запуск приложения ===
2026-03-03 19:24:02,538 - INFO - Проверка подключения к базе данных...
2026-03-03 19:24:02,538 - INFO - Попытка подключения к localhost...
2026-03-03 19:24:02,545 - INFO - Подключение успешно (PyMySQL)
2026-03-03 19:24:02,545 - INFO - Подключение к БД успешно
2026-03-03 19:24:02,545 - INFO - Тестовое соединение закрыто
2026-03-03 19:24:02,545 - INFO - Инициализация QApplication...
2026-03-03 19:24:02,568 - INFO - Создание окна регистрации...
2026-03-03 19:24:02,699 - INFO - Запуск цикла событий...
2026-03-03 19:24:09,430 - INFO - Попытка подключения к localhost...
2026-03-03 19:24:09,432 - INFO - Подключение успешно (PyMySQL)
2026-03-03 19:24:09,646 - INFO - Попытка подключения к localhost...
2026-03-03 19:24:09,647 - INFO - Подключение успешно (PyMySQL)
2026-03-03 19:24:16,763 - INFO - Попытка подключения к localhost...
2026-03-03 19:24:16,764 - INFO - Подключение успешно (PyMySQL)
2026-03-03 19:24:18,533 - INFO - Попытка подключения к localhost...
2026-03-03 19:24:18,534 - INFO - Подключение успешно (PyMySQL)
2026-03-03 19:24:20,305 - INFO - Попытка подключения к localhost...
2026-03-03 19:24:20,324 - INFO - Подключение успешно (PyMySQL)
2026-03-03 19:25:59,836 - INFO - Приложение завершено: 0
2026-03-03 19:36:02,524 - INFO - === Запуск приложения ===
2026-03-03 19:36:02,524 - INFO - Проверка подключения к базе данных...
2026-03-03 19:36:02,524 - INFO - Попытка подключения к localhost...
2026-03-03 19:36:02,539 - INFO - Подключение успешно (PyMySQL)
2026-03-03 19:36:02,539 - INFO - Подключение к БД успешно
2026-03-03 19:36:02,539 - INFO - Тестовое соединение закрыто
2026-03-03 19:36:02,539 - INFO - Инициализация QApplication...
2026-03-03 19:36:02,587 - INFO - Создание окна регистрации...
2026-03-03 19:36:02,733 - INFO - Запуск цикла событий...
2026-03-03 19:36:12,287 - INFO - Попытка подключения к localhost...
2026-03-03 19:36:12,289 - INFO - Подключение успешно (PyMySQL)
2026-03-03 19:36:12,570 - INFO - Попытка подключения к localhost...
2026-03-03 19:36:12,571 - INFO - Подключение успешно (PyMySQL)
2026-03-03 19:36:21,798 - INFO - Попытка подключения к localhost...
2026-03-03 19:36:21,800 - INFO - Подключение успешно (PyMySQL)
2026-03-03 19:36:21,814 - INFO - Попытка подключения к localhost...
2026-03-03 19:36:21,816 - INFO - Подключение успешно (PyMySQL)
2026-03-03 19:36:21,816 - INFO - Попытка подключения к localhost...
2026-03-03 19:36:21,817 - INFO - Подключение успешно (PyMySQL)
2026-03-03 19:36:25,696 - INFO - Попытка подключения к localhost...
2026-03-03 19:36:25,721 - INFO - Подключение успешно (PyMySQL)
2026-03-03 19:36:25,721 - INFO - Попытка подключения к localhost...
2026-03-03 19:36:25,722 - INFO - Подключение успешно (PyMySQL)
2026-03-03 19:36:25,738 - INFO - Попытка подключения к localhost...
2026-03-03 19:36:25,739 - INFO - Подключение успешно (PyMySQL)
2026-03-03 19:36:25,739 - ERROR - Ошибка обновления продукта id=7: (1264, "Out of range value for column 'price' at row 1")
2026-03-03 19:36:30,896 - INFO - Попытка подключения к localhost...
2026-03-03 19:36:30,924 - INFO - Подключение успешно (PyMySQL)
2026-03-03 19:36:30,924 - INFO - Попытка подключения к localhost...
2026-03-03 19:36:30,925 - INFO - Подключение успешно (PyMySQL)
2026-03-03 19:36:30,925 - INFO - Попытка подключения к localhost...
2026-03-03 19:36:30,926 - INFO - Подключение успешно (PyMySQL)
2026-03-03 19:36:31,821 - INFO - Попытка подключения к localhost...
2026-03-03 19:36:31,823 - INFO - Подключение успешно (PyMySQL)
2026-03-03 19:36:36,617 - INFO - Приложение завершено: 0
2026-03-15 20:50:43,255 - INFO - === Запуск приложения ===
2026-03-15 20:50:43,255 - INFO - Проверка подключения к базе данных...
2026-03-15 20:50:43,255 - INFO - Попытка подключения к localhost...
2026-03-15 20:50:43,261 - INFO - Подключение успешно (PyMySQL)
2026-03-15 20:50:43,261 - INFO - Подключение к БД успешно
2026-03-15 20:50:43,261 - INFO - Тестовое соединение закрыто
2026-03-15 20:50:43,262 - INFO - Инициализация QApplication...
2026-03-15 20:50:43,279 - INFO - Создание окна регистрации...
2026-03-15 20:50:43,400 - INFO - Запуск цикла событий...
2026-03-15 20:50:45,731 - INFO - Приложение завершено: 0
2026-03-16 16:21:02,514 - INFO - === Запуск приложения ===
2026-03-16 16:21:02,514 - INFO - Проверка подключения к базе данных...
2026-03-16 16:21:02,514 - INFO - Попытка подключения к localhost...
2026-03-16 16:21:02,526 - INFO - Подключение успешно (PyMySQL)
2026-03-16 16:21:02,526 - INFO - Подключение к БД успешно
2026-03-16 16:21:02,526 - INFO - Тестовое соединение закрыто
2026-03-16 16:21:02,526 - INFO - Инициализация QApplication...
2026-03-16 16:21:02,655 - INFO - Создание окна регистрации...
2026-03-16 16:21:02,795 - INFO - Запуск цикла событий...
2026-03-16 16:21:33,169 - INFO - Попытка подключения к localhost...
2026-03-16 16:21:33,170 - INFO - Подключение успешно (PyMySQL)
2026-03-16 16:21:33,180 - INFO - Роль 'Пользователь' найдена, ID: 1
2026-03-16 16:21:33,183 - INFO - Попытка подключения к localhost...
2026-03-16 16:21:33,184 - INFO - Подключение успешно (PyMySQL)
2026-03-16 16:21:33,195 - INFO - Попытка подключения к localhost...
2026-03-16 16:21:33,196 - INFO - Подключение успешно (PyMySQL)
2026-03-16 16:21:46,488 - INFO - Попытка подключения к localhost...
2026-03-16 16:21:46,490 - INFO - Подключение успешно (PyMySQL)
2026-03-16 16:21:49,458 - INFO - Попытка подключения к localhost...
2026-03-16 16:21:49,459 - INFO - Подключение успешно (PyMySQL)
2026-03-16 16:21:49,461 - INFO - Попытка подключения к localhost...
2026-03-16 16:21:49,462 - INFO - Подключение успешно (PyMySQL)
2026-03-16 16:21:49,462 - INFO - Попытка подключения к localhost...
2026-03-16 16:21:49,463 - INFO - Подключение успешно (PyMySQL)
2026-03-16 16:21:49,486 - INFO - Попытка подключения к localhost...
2026-03-16 16:21:49,488 - INFO - Подключение успешно (PyMySQL)
2026-03-16 16:22:06,056 - INFO - Попытка подключения к localhost...
2026-03-16 16:22:06,057 - INFO - Подключение успешно (PyMySQL)
2026-03-16 16:22:21,183 - INFO - Попытка подключения к localhost...
2026-03-16 16:22:21,185 - INFO - Подключение успешно (PyMySQL)
2026-03-16 16:22:23,769 - INFO - Попытка подключения к localhost...
2026-03-16 16:22:23,771 - INFO - Подключение успешно (PyMySQL)
2026-03-16 16:22:23,791 - INFO - Попытка подключения к localhost...
2026-03-16 16:22:23,792 - INFO - Подключение успешно (PyMySQL)
2026-03-16 16:22:26,460 - INFO - Попытка подключения к localhost...
2026-03-16 16:22:26,462 - INFO - Подключение успешно (PyMySQL)
2026-03-16 16:22:35,175 - INFO - Попытка подключения к localhost...
2026-03-16 16:22:35,176 - INFO - Подключение успешно (PyMySQL)
2026-03-16 16:22:36,106 - INFO - Попытка подключения к localhost...
2026-03-16 16:22:36,108 - INFO - Подключение успешно (PyMySQL)
2026-03-16 16:22:39,395 - INFO - Попытка подключения к localhost...
2026-03-16 16:22:39,397 - INFO - Подключение успешно (PyMySQL)
2026-03-16 16:22:44,389 - INFO - Попытка подключения к localhost...
2026-03-16 16:22:44,391 - INFO - Подключение успешно (PyMySQL)
2026-03-16 16:22:45,112 - INFO - Попытка подключения к localhost...
2026-03-16 16:22:45,113 - INFO - Подключение успешно (PyMySQL)
2026-03-16 16:22:50,944 - INFO - Попытка подключения к localhost...
2026-03-16 16:22:50,946 - INFO - Подключение успешно (PyMySQL)
2026-03-16 16:22:52,731 - INFO - Попытка подключения к localhost...
2026-03-16 16:22:52,733 - INFO - Подключение успешно (PyMySQL)
2026-03-16 16:22:54,295 - INFO - Попытка подключения к localhost...
2026-03-16 16:22:54,297 - INFO - Подключение успешно (PyMySQL)
2026-03-16 16:22:54,696 - INFO - Попытка подключения к localhost...
2026-03-16 16:22:54,698 - INFO - Подключение успешно (PyMySQL)
2026-03-16 16:22:56,245 - INFO - Попытка подключения к localhost...
2026-03-16 16:22:56,247 - INFO - Подключение успешно (PyMySQL)
2026-03-16 16:22:56,258 - INFO - Попытка подключения к localhost...
2026-03-16 16:22:56,259 - INFO - Подключение успешно (PyMySQL)
2026-03-16 16:22:56,647 - INFO - Попытка подключения к localhost...
2026-03-16 16:22:56,648 - INFO - Подключение успешно (PyMySQL)
2026-03-16 16:22:56,668 - INFO - Попытка подключения к localhost...
2026-03-16 16:22:56,669 - INFO - Подключение успешно (PyMySQL)
2026-03-16 16:22:57,326 - INFO - Попытка подключения к localhost...
2026-03-16 16:22:57,328 - INFO - Подключение успешно (PyMySQL)
2026-03-16 16:23:03,583 - INFO - Попытка подключения к localhost...
2026-03-16 16:23:03,584 - INFO - Подключение успешно (PyMySQL)
2026-03-16 16:23:16,521 - INFO - Попытка подключения к localhost...
2026-03-16 16:23:16,523 - INFO - Подключение успешно (PyMySQL)
2026-03-16 16:24:39,384 - INFO - Попытка подключения к localhost...
2026-03-16 16:24:39,385 - INFO - Подключение успешно (PyMySQL)
2026-03-16 16:24:39,386 - INFO - Роль 'Пользователь' найдена, ID: 1
2026-03-16 16:24:39,389 - INFO - Попытка подключения к localhost...
2026-03-16 16:24:39,391 - INFO - Подключение успешно (PyMySQL)
2026-03-16 16:24:39,406 - INFO - Попытка подключения к localhost...
2026-03-16 16:24:39,407 - INFO - Подключение успешно (PyMySQL)
2026-03-16 16:24:40,796 - INFO - Попытка подключения к localhost...
2026-03-16 16:24:40,798 - INFO - Подключение успешно (PyMySQL)
2026-03-16 16:24:44,479 - INFO - Попытка подключения к localhost...
2026-03-16 16:24:44,480 - INFO - Подключение успешно (PyMySQL)
2026-03-16 16:24:44,481 - INFO - Попытка подключения к localhost...
2026-03-16 16:24:44,482 - INFO - Подключение успешно (PyMySQL)
2026-03-16 16:24:44,482 - INFO - Попытка подключения к localhost...
2026-03-16 16:24:44,483 - INFO - Подключение успешно (PyMySQL)
2026-03-16 16:24:44,483 - INFO - Попытка подключения к localhost...
2026-03-16 16:24:44,484 - INFO - Подключение успешно (PyMySQL)
2026-03-16 16:24:44,485 - INFO - Попытка подключения к localhost...
2026-03-16 16:24:44,500 - INFO - Подключение успешно (PyMySQL)
2026-03-16 16:24:44,501 - INFO - Попытка подключения к localhost...
2026-03-16 16:24:44,502 - INFO - Подключение успешно (PyMySQL)
2026-03-16 16:24:56,172 - INFO - Попытка подключения к localhost...
2026-03-16 16:24:56,173 - INFO - Подключение успешно (PyMySQL)
2026-03-16 16:24:56,178 - INFO - Попытка подключения к localhost...
2026-03-16 16:24:56,179 - INFO - Подключение успешно (PyMySQL)
2026-03-16 16:24:57,536 - INFO - Попытка подключения к localhost...
2026-03-16 16:24:57,537 - INFO - Подключение успешно (PyMySQL)
2026-03-16 16:25:08,911 - INFO - Попытка подключения к localhost...
2026-03-16 16:25:08,913 - INFO - Подключение успешно (PyMySQL)
2026-03-16 16:25:24,425 - INFO - Попытка подключения к localhost...
2026-03-16 16:25:24,426 - INFO - Подключение успешно (PyMySQL)
2026-03-16 16:25:25,759 - INFO - Попытка подключения к localhost...
2026-03-16 16:25:25,760 - INFO - Подключение успешно (PyMySQL)
2026-03-16 16:25:26,811 - INFO - Попытка подключения к localhost...
2026-03-16 16:25:26,812 - INFO - Подключение успешно (PyMySQL)
2026-03-16 16:25:27,858 - INFO - Попытка подключения к localhost...
2026-03-16 16:25:27,860 - INFO - Подключение успешно (PyMySQL)
2026-03-16 16:25:31,743 - INFO - Попытка подключения к localhost...
2026-03-16 16:25:31,745 - INFO - Подключение успешно (PyMySQL)
2026-03-16 16:25:32,484 - INFO - Попытка подключения к localhost...
2026-03-16 16:25:32,485 - INFO - Подключение успешно (PyMySQL)
2026-03-16 16:25:42,408 - INFO - Попытка подключения к localhost...
2026-03-16 16:25:42,410 - INFO - Подключение успешно (PyMySQL)
2026-03-16 16:25:46,792 - INFO - Попытка подключения к localhost...
2026-03-16 16:25:46,794 - INFO - Подключение успешно (PyMySQL)
2026-03-16 16:26:08,849 - INFO - Попытка подключения к localhost...
2026-03-16 16:26:08,850 - INFO - Подключение успешно (PyMySQL)
2026-03-16 16:26:08,855 - INFO - Попытка подключения к localhost...
2026-03-16 16:26:08,856 - INFO - Подключение успешно (PyMySQL)
2026-03-16 16:26:10,148 - INFO - Попытка подключения к localhost...
2026-03-16 16:26:10,149 - INFO - Подключение успешно (PyMySQL)
2026-03-16 16:26:15,710 - INFO - Попытка подключения к localhost...
2026-03-16 16:26:15,711 - INFO - Подключение успешно (PyMySQL)
2026-03-16 16:26:24,905 - INFO - Приложение завершено: 0
2026-03-27 23:44:35,370 - INFO - === Запуск приложения ===
2026-03-27 23:44:35,371 - INFO - Проверка подключения к базе данных...
2026-03-27 23:44:35,371 - INFO - Попытка подключения к localhost...
2026-03-27 23:44:35,378 - INFO - Подключение успешно (PyMySQL)
2026-03-27 23:44:35,378 - INFO - Подключение к БД успешно
2026-03-27 23:44:35,378 - INFO - Тестовое соединение закрыто
2026-03-27 23:44:35,378 - INFO - Инициализация QApplication...
2026-03-27 23:44:35,406 - INFO - Создание окна регистрации...
2026-03-27 23:44:35,555 - INFO - Запуск цикла событий...
2026-03-27 23:44:52,800 - INFO - Попытка подключения к localhost...
2026-03-27 23:44:52,802 - INFO - Подключение успешно (PyMySQL)
2026-03-27 23:44:53,102 - INFO - Попытка подключения к localhost...
2026-03-27 23:44:53,104 - INFO - Подключение успешно (PyMySQL)
2026-03-27 23:44:58,868 - INFO - Приложение завершено: 0
2026-04-07 22:08:34,112 - INFO - === Запуск приложения ===
2026-04-07 22:08:34,113 - INFO - Проверка подключения к базе данных...
2026-04-07 22:08:34,113 - INFO - Попытка подключения к localhost...
2026-04-07 22:08:34,119 - INFO - Подключение успешно (PyMySQL)
2026-04-07 22:08:34,120 - INFO - Подключение к БД успешно
2026-04-07 22:08:34,120 - INFO - Тестовое соединение закрыто
2026-04-07 22:08:34,120 - INFO - Инициализация QApplication...
2026-04-07 22:08:34,140 - INFO - Создание окна регистрации...
2026-04-07 22:08:34,275 - INFO - Запуск цикла событий...
2026-04-07 22:08:58,735 - INFO - Попытка подключения к localhost...
2026-04-07 22:08:58,751 - INFO - Подключение успешно (PyMySQL)
2026-04-07 22:08:58,959 - INFO - Попытка подключения к localhost...
2026-04-07 22:08:58,961 - INFO - Подключение успешно (PyMySQL)
2026-04-07 22:09:02,760 - INFO - Приложение завершено: 0
2026-04-09 17:50:33,608 - INFO - === Запуск приложения ===
2026-04-09 17:50:33,608 - INFO - Проверка подключения к базе данных...
2026-04-09 17:50:33,616 - ERROR - Ошибка подключения: 'cryptography' package is required for sha256_password or caching_sha2_password auth methods
2026-04-09 17:50:33,926 - INFO - Запуск цикла событий...
2026-04-09 17:50:46,509 - ERROR - Ошибка подключения: 'cryptography' package is required for sha256_password or caching_sha2_password auth methods
2026-04-09 17:50:53,892 - ERROR - Ошибка подключения: 'cryptography' package is required for sha256_password or caching_sha2_password auth methods
2026-04-09 17:50:57,198 - ERROR - Ошибка подключения: 'cryptography' package is required for sha256_password or caching_sha2_password auth methods
2026-04-09 17:52:14,548 - INFO - Приложение завершено: 0
2026-04-12 20:06:33,641 - INFO - === Запуск приложения ===
2026-04-12 20:06:33,641 - INFO - Проверка подключения к базе данных...
2026-04-12 20:06:33,703 - INFO - Тестовое соединение закрыто
2026-04-12 20:06:33,976 - INFO - Запуск цикла событий...
2026-04-12 20:06:40,586 - INFO - Приложение завершено: 0
2026-04-12 20:29:51,944 - INFO - === Запуск приложения ===
2026-04-12 20:29:51,944 - INFO - Проверка подключения к базе данных...
2026-04-12 20:29:51,991 - INFO - Тестовое соединение закрыто
2026-04-12 20:29:52,146 - INFO - Запуск цикла событий...
2026-04-12 20:32:59,314 - INFO - === Запуск приложения ===
2026-04-12 20:32:59,314 - INFO - Проверка подключения к базе данных...
2026-04-12 20:32:59,346 - INFO - Тестовое соединение закрыто
2026-04-12 20:32:59,499 - INFO - Запуск цикла событий...
2026-04-12 20:36:47,979 - INFO - Приложение завершено: 0
2026-04-12 20:36:49,728 - INFO - === Запуск приложения ===
2026-04-12 20:36:49,728 - INFO - Проверка подключения к базе данных...
2026-04-12 20:36:49,761 - INFO - Тестовое соединение закрыто
2026-04-12 20:36:49,922 - INFO - Запуск цикла событий...
2026-04-12 20:37:14,228 - INFO - Приложение завершено: 0
2026-04-12 20:38:24,487 - INFO - === Запуск приложения ===
2026-04-12 20:38:24,487 - INFO - Проверка подключения к базе данных...
2026-04-12 20:38:24,517 - INFO - Тестовое соединение закрыто
2026-04-12 20:38:24,671 - INFO - Запуск цикла событий...
2026-04-12 20:38:40,402 - INFO - Приложение завершено: 0
2026-04-12 20:40:03,993 - INFO - === Запуск приложения ===
2026-04-12 20:40:03,993 - INFO - Проверка подключения к базе данных...
2026-04-12 20:40:04,023 - INFO - Тестовое соединение закрыто
2026-04-12 20:40:04,170 - INFO - Запуск цикла событий...
2026-04-12 20:41:28,899 - INFO - Приложение завершено: 0
2026-04-12 20:41:29,817 - INFO - === Запуск приложения ===
2026-04-12 20:41:29,817 - INFO - Проверка подключения к базе данных...
2026-04-12 20:41:29,849 - INFO - Тестовое соединение закрыто
2026-04-12 20:41:30,015 - INFO - Запуск цикла событий...
2026-04-12 20:41:58,352 - INFO - Приложение завершено: 0
2026-04-12 20:42:50,389 - INFO - === Запуск приложения ===
2026-04-12 20:42:50,389 - INFO - Проверка подключения к базе данных...
2026-04-12 20:42:50,420 - INFO - Тестовое соединение закрыто
2026-04-12 20:42:50,578 - INFO - Запуск цикла событий...
2026-04-12 20:49:03,312 - INFO - === Запуск приложения ===
2026-04-12 20:49:03,312 - INFO - Проверка подключения к базе данных...
2026-04-12 20:49:03,345 - INFO - Тестовое соединение закрыто
2026-04-12 20:49:03,500 - INFO - Запуск цикла событий...
2026-04-12 23:57:41,252 - INFO - Приложение завершено: 0
2026-04-12 23:57:44,122 - INFO - === Запуск приложения ===
2026-04-12 23:57:44,122 - INFO - Проверка подключения к базе данных...
2026-04-12 23:57:44,169 - INFO - Тестовое соединение закрыто
2026-04-12 23:57:44,468 - INFO - Запуск цикла событий...
2026-04-12 23:57:47,425 - INFO - Приложение завершено: 0
2026-04-12 23:59:00,817 - INFO - === Запуск приложения ===
2026-04-12 23:59:00,817 - INFO - Проверка подключения к базе данных...
2026-04-12 23:59:00,851 - INFO - Тестовое соединение закрыто
2026-04-12 23:59:01,010 - INFO - Запуск цикла событий...
2026-04-12 23:59:11,916 - ERROR - Query error: 'NoneType' object is not iterable
2026-04-12 23:59:33,264 - ERROR - Query error: 'NoneType' object is not iterable
2026-04-12 23:59:50,123 - ERROR - Query error: 'NoneType' object is not iterable
2026-04-13 00:00:19,978 - ERROR - Query error: 'NoneType' object is not iterable
2026-04-13 00:00:32,362 - ERROR - Query error: 'NoneType' object is not iterable
2026-04-13 00:00:41,751 - ERROR - Query error: 'NoneType' object is not iterable
2026-04-13 00:00:55,502 - ERROR - Query error: 'NoneType' object is not iterable
2026-04-13 00:01:03,218 - INFO - Приложение завершено: 0
2026-04-13 00:01:06,460 - INFO - === Запуск приложения ===
2026-04-13 00:01:06,461 - INFO - Проверка подключения к базе данных...
2026-04-13 00:01:06,492 - INFO - Тестовое соединение закрыто
2026-04-13 00:01:06,644 - INFO - Запуск цикла событий...
2026-04-13 00:01:15,958 - ERROR - Query error: 'NoneType' object is not iterable
2026-04-13 00:02:46,986 - INFO - Приложение завершено: 0
2026-04-13 00:02:48,592 - INFO - === Запуск приложения ===
2026-04-13 00:02:48,593 - INFO - Проверка подключения к базе данных...
2026-04-13 00:02:48,624 - INFO - Тестовое соединение закрыто
2026-04-13 00:02:48,779 - INFO - Запуск цикла событий...
2026-04-13 00:03:49,512 - INFO - Приложение завершено: 0
2026-04-13 14:19:20,706 - ERROR - Ошибка подключения: ('08001', '[08001] [Microsoft][ODBC Driver 17 for SQL Server]Клиенту не удалось установить соединение, поскольку произошла ошибка при подтверждении соединения перед входом в систему. Чаще всего такие проблемы возникают в том случае, когда клиент пытается подключиться к неподдерживаемой версии SQL Server или сервер не может принимать новые соединения по причине перегруженности или превышения ограничений на использование ресурсов (объем памяти или число соединений). (26) (SQLDriverConnect); [08001] [Microsoft][ODBC Driver 17 for SQL Server]Поставщик TCP: Удаленный хост принудительно разорвал существующее подключение.\r\n (10054); [08001] [Microsoft][ODBC Driver 17 for SQL Server]Клиенту не удается установить связь. (26); [08001] [Microsoft][ODBC Driver 17 for SQL Server]Клиенту не удалось установить подключение из-за сбоя на этапе предварительного согласования параметров (10054)')
2026-04-13 23:58:32,522 - ERROR - Query error: 'NoneType' object is not iterable
